feature_a,feature_b,pearson_r,absolute_r
frontend_latency-50,recommendationservice_latency-50,0.9996820276,0.9996820276
frontend_latency-50,productcatalogservice_latency-90,0.9993250594,0.9993250594
productcatalogservice_latency-90,recommendationservice_latency-50,0.9993214843,0.9993214843
frontend_latency-50,frontend_latency-90,0.9976242031,0.9976242031
frontend_latency-90,recommendationservice_latency-50,0.9973605755,0.9973605755
frontend_latency-90,productcatalogservice_latency-90,0.9971561868,0.9971561868
recommendationservice_latency-50,recommendationservice_latency-90,0.9867330178,0.9867330178
checkoutservice_latency-50,recommendationservice_latency-50,0.9855119164,0.9855119164
checkoutservice_latency-50,frontend_latency-50,0.9848272145,0.9848272145
checkoutservice_latency-50,productcatalogservice_latency-90,0.9841346722,0.9841346722
productcatalogservice_latency-90,recommendationservice_latency-90,0.9840455336,0.9840455336
frontend_latency-50,recommendationservice_latency-90,0.9832132507,0.9832132507
checkoutservice_latency-50,frontend_latency-90,0.9828258979,0.9828258979
frontend_latency-90,recommendationservice_latency-90,0.9825068232,0.9825068232
checkoutservice_latency-50,recommendationservice_latency-90,0.9741162011,0.9741162011
adservice_latency-90,cartservice_latency-50,0.9655149441,0.9655149441
checkoutservice_workload,emailservice_workload,0.9597020629,0.9597020629
checkoutservice_latency-50,checkoutservice_latency-90,0.9588228141,0.9588228141
checkoutservice_latency-90,frontend_latency-90,0.9456424845,0.9456424845
checkoutservice_latency-90,recommendationservice_latency-50,0.9449841189,0.9449841189
checkoutservice_latency-90,frontend_latency-50,0.9439813927,0.9439813927
checkoutservice_latency-90,productcatalogservice_latency-90,0.9433869873,0.9433869873
checkoutservice_latency-90,recommendationservice_latency-90,0.9348351018,0.9348351018
cartservice_workload,recommendationservice_workload,0.900097614,0.900097614
emailservice_mem,redis_mem,0.8897129834,0.8897129834
checkoutservice_workload,paymentservice_workload,0.8885358735,0.8885358735
emailservice_workload,paymentservice_workload,0.8858266892,0.8858266892
productcatalogservice_latency-50,productcatalogservice_latency-90,0.8854461696,0.8854461696
productcatalogservice_latency-50,recommendationservice_latency-50,0.8729179889,0.8729179889
productcatalogservice_latency-50,recommendationservice_latency-90,0.8705949144,0.8705949144
frontend_latency-50,productcatalogservice_latency-50,0.8702655763,0.8702655763
frontend_latency-90,productcatalogservice_latency-50,0.8683933638,0.8683933638
adservice_latency-50,adservice_latency-90,0.8664202706,0.8664202706
cartservice_workload,frontend-external_workload,0.8605231042,0.8605231042
adservice_workload,frontend-external_workload,0.8594877118,0.8594877118
emailservice_mem,shippingservice_mem,0.8593748523,0.8593748523
checkoutservice_latency-50,productcatalogservice_latency-50,0.8547606163,0.8547606163
redis_mem,shippingservice_mem,0.8527298327,0.8527298327
adservice_latency-50,cartservice_latency-50,0.8424336678,0.8424336678
checkoutservice_latency-90,productcatalogservice_latency-50,0.8210686282,0.8210686282
currencyservice_mem,emailservice_mem,0.8181941395,0.8181941395
frontend-external_workload,recommendationservice_workload,0.8158573986,0.8158573986
productcatalogservice_mem,shippingservice_mem,0.812788716,0.812788716
productcatalogservice_workload,recommendationservice_workload,0.8054703635,0.8054703635
frontend-external_workload,productcatalogservice_workload,0.7979437499,0.7979437499
currencyservice_mem,shippingservice_mem,0.7890261103,0.7890261103
recommendationservice_mem,shippingservice_mem,0.7875156763,0.7875156763
adservice_mem,emailservice_mem,0.7836245957,0.7836245957
currencyservice_workload,frontend-external_workload,0.7831505609,0.7831505609
adservice_cpu,cartservice_mem,0.782903344,0.782903344
productcatalogservice_mem,redis_mem,0.7791713807,0.7791713807
currencyservice_mem,redis_mem,0.776286868,0.776286868
cartservice_workload,productcatalogservice_workload,0.7726593043,0.7726593043
emailservice_mem,productcatalogservice_mem,0.7723032414,0.7723032414
currencyservice_workload,frontend_workload,0.7716561024,0.7716561024
currencyservice_mem,productcatalogservice_mem,0.7656891723,0.7656891723
main_cpu,redis_cpu,0.7623223325,0.7623223325
emailservice_latency-50,redis_cpu,0.7592442565,0.7592442565
recommendationservice_mem,redis_mem,0.759125909,0.759125909
cartservice_workload,currencyservice_workload,0.7584994002,0.7584994002
adservice_mem,shippingservice_mem,0.7507899428,0.7507899428
adservice_mem,currencyservice_mem,0.7384648824,0.7384648824
frontend_latency-90,productcatalogservice_cpu,-0.7299374992,0.7299374992
emailservice_mem,recommendationservice_mem,0.7284987676,0.7284987676
adservice_mem,recommendationservice_mem,0.726084915,0.726084915
productcatalogservice_cpu,recommendationservice_latency-50,-0.7255111075,0.7255111075
adservice_workload,cartservice_workload,0.7248660979,0.7248660979
frontend_latency-50,productcatalogservice_cpu,-0.724446972,0.724446972
productcatalogservice_cpu,productcatalogservice_latency-90,-0.7235745709,0.7235745709
productcatalogservice_cpu,recommendationservice_latency-90,-0.7173484522,0.7173484522
adservice_workload,recommendationservice_workload,0.7169845956,0.7169845956
cartservice_latency-50,emailservice_latency-50,0.7151854171,0.7151854171
frontend_cpu,frontend_latency-90,-0.7148236386,0.7148236386
frontend_cpu,recommendationservice_latency-50,-0.7100292849,0.7100292849
adservice_mem,redis_mem,0.70994749,0.70994749
checkoutservice_latency-50,productcatalogservice_cpu,-0.7096318568,0.7096318568
frontend_cpu,productcatalogservice_latency-90,-0.708717863,0.708717863
frontend_cpu,frontend_latency-50,-0.7083826128,0.7083826128
frontend_cpu,recommendationservice_latency-90,-0.7079201173,0.7079201173
cartservice_mem,recommendationservice_mem,0.7078471534,0.7078471534
adservice_workload,currencyservice_workload,0.7038573911,0.7038573911
adservice_mem,productcatalogservice_mem,0.7025364254,0.7025364254
checkoutservice_latency-50,frontend_cpu,-0.6974582023,0.6974582023
adservice_workload,productcatalogservice_workload,0.6955950636,0.6955950636
adservice_workload,frontend_workload,0.6953429359,0.6953429359
currencyservice_mem,recommendationservice_mem,0.6947735258,0.6947735258
checkoutservice_latency-90,productcatalogservice_cpu,-0.6917450463,0.6917450463
adservice_latency-90,emailservice_latency-50,0.6916357245,0.6916357245
checkoutservice_workload,shippingservice_workload,0.6911714938,0.6911714938
paymentservice_workload,shippingservice_workload,0.6891424538,0.6891424538
cartservice_workload,shippingservice_workload,0.6881800912,0.6881800912
frontend-external_workload,frontend_workload,0.6847200453,0.6847200453
adservice_mem,cartservice_mem,0.6804968199,0.6804968199
frontend-external_workload,shippingservice_workload,0.6780303684,0.6780303684
cartservice_latency-50,redis_cpu,0.6775676234,0.6775676234
checkoutservice_latency-90,frontend_cpu,-0.6772464823,0.6772464823
shippingservice_latency-50,shippingservice_latency-90,0.6765105002,0.6765105002
productcatalogservice_mem,recommendationservice_mem,0.6726113537,0.6726113537
productcatalogservice_workload,shippingservice_workload,0.6720488767,0.6720488767
emailservice_cpu,redis_cpu,0.663543919,0.663543919
cartservice_mem,emailservice_mem,0.6621908264,0.6621908264
cartservice_workload,frontend_workload,0.6553338572,0.6553338572
currencyservice_cpu,productcatalogservice_cpu,0.6514998369,0.6514998369
currencyservice_workload,productcatalogservice_workload,0.6488414811,0.6488414811
frontend_cpu,productcatalogservice_cpu,0.6480339173,0.6480339173
emailservice_workload,shippingservice_workload,0.6480226636,0.6480226636
recommendationservice_workload,shippingservice_workload,0.6474553941,0.6474553941
currencyservice_workload,recommendationservice_workload,0.6414232342,0.6414232342
productcatalogservice_cpu,productcatalogservice_latency-50,-0.6352560607,0.6352560607
cartservice_mem,redis_mem,0.6283971077,0.6283971077
frontend_workload,productcatalogservice_workload,0.6274732872,0.6274732872
frontend_cpu,productcatalogservice_latency-50,-0.624882306,0.624882306
adservice_latency-50,emailservice_latency-50,0.6237687058,0.6237687058
main_cpu,recommendationservice_latency-50,-0.6230326768,0.6230326768
frontend_latency-50,main_cpu,-0.622987793,0.622987793
frontend_latency-90,main_cpu,-0.6225183475,0.6225183475
main_cpu,productcatalogservice_latency-90,-0.6221520752,0.6221520752
frontend_workload,recommendationservice_workload,0.6221135261,0.6221135261
adservice_latency-90,redis_cpu,0.6177778128,0.6177778128
currencyservice_cpu,recommendationservice_latency-50,-0.6167877743,0.6167877743
currencyservice_cpu,frontend_latency-50,-0.6162991813,0.6162991813
currencyservice_cpu,frontend_latency-90,-0.6159027047,0.6159027047
currencyservice_cpu,productcatalogservice_latency-90,-0.6145538082,0.6145538082
main_cpu,recommendationservice_latency-90,-0.6114392774,0.6114392774
adservice_cpu,adservice_mem,0.6063250141,0.6063250141
currencyservice_cpu,recommendationservice_latency-90,-0.6054833222,0.6054833222
cartservice_mem,currencyservice_mem,0.5977277591,0.5977277591
emailservice_cpu,emailservice_latency-50,0.5966805115,0.5966805115
checkoutservice_latency-50,currencyservice_cpu,-0.5962250733,0.5962250733
checkoutservice_latency-50,main_cpu,-0.5962050911,0.5962050911
checkoutservice_latency-90,main_cpu,-0.5919497742,0.5919497742
emailservice_latency-50,main_cpu,0.591635754,0.591635754
adservice_latency-90,paymentservice_latency-50,0.5875214823,0.5875214823
cartservice_cpu,productcatalogservice_cpu,0.583747927,0.583747927
checkoutservice_latency-90,currencyservice_cpu,-0.5824327024,0.5824327024
emailservice_cpu,main_cpu,0.5793846831,0.5793846831
currencyservice_cpu,frontend_cpu,0.5707603001,0.5707603001
adservice_cpu,emailservice_mem,0.5687185061,0.5687185061
productcatalogservice_latency-50,productcatalogservice_workload,-0.5624785036,0.5624785036
frontend_latency-90,redis_cpu,-0.5551183532,0.5551183532
frontend_latency-50,redis_cpu,-0.5540906954,0.5540906954
recommendationservice_latency-50,redis_cpu,-0.5540075814,0.5540075814
currencyservice_workload,shippingservice_workload,0.5530563988,0.5530563988
currencyservice_latency-50,emailservice_latency-50,-0.5523801278,0.5523801278
productcatalogservice_latency-90,redis_cpu,-0.5523778227,0.5523778227
cartservice_latency-50,emailservice_cpu,0.5478527331,0.5478527331
cartservice_latency-50,paymentservice_latency-50,0.5436592235,0.5436592235
main_cpu,productcatalogservice_latency-50,-0.5434537347,0.5434537347
recommendationservice_latency-90,redis_cpu,-0.5416949039,0.5416949039
productcatalogservice_latency-90,productcatalogservice_workload,-0.5414781301,0.5414781301
cartservice_latency-50,frontend_latency-50,-0.5398935748,0.5398935748
frontend_cpu,main_cpu,0.5398150641,0.5398150641
paymentservice_latency-50,paymentservice_mem,-0.5385939266,0.5385939266
cartservice_latency-50,recommendationservice_latency-50,-0.5382096245,0.5382096245
cartservice_latency-50,productcatalogservice_latency-90,-0.5369848549,0.5369848549
productcatalogservice_workload,recommendationservice_latency-50,-0.5359698798,0.5359698798
frontend_latency-50,productcatalogservice_workload,-0.5348139973,0.5348139973
adservice_latency-50,redis_cpu,0.534170833,0.534170833
frontend_latency-90,productcatalogservice_workload,-0.5333814062,0.5333814062
productcatalogservice_workload,recommendationservice_latency-90,-0.532716683,0.532716683
currencyservice_cpu,main_cpu,0.5318537977,0.5318537977
cartservice_mem,productcatalogservice_mem,0.5314145409,0.5314145409
main_cpu,productcatalogservice_cpu,0.5309278796,0.5309278796
checkoutservice_latency-90,redis_cpu,-0.5309025459,0.5309025459
cartservice_latency-50,productcatalogservice_cpu,0.5297691429,0.5297691429
currencyservice_cpu,shippingservice_cpu,0.5293957344,0.5293957344
cartservice_latency-50,frontend_latency-90,-0.5290172853,0.5290172853
productcatalogservice_cpu,redis_cpu,0.5288497848,0.5288497848
currencyservice_latency-50,redis_cpu,-0.5284219147,0.5284219147
checkoutservice_latency-50,redis_cpu,-0.5283052841,0.5283052841
frontend_cpu,redis_cpu,0.5269469206,0.5269469206
checkoutservice_latency-50,productcatalogservice_workload,-0.5253121223,0.5253121223
currencyservice_cpu,productcatalogservice_latency-50,-0.5248271701,0.5248271701
currencyservice_latency-50,frontend_mem,0.5206542675,0.5206542675
cartservice_latency-50,frontend_mem,-0.5192830613,0.5192830613
cartservice_mem,paymentservice_latency-50,0.5186302251,0.5186302251
cartservice_mem,shippingservice_mem,0.5172664831,0.5172664831
cartservice_latency-50,checkoutservice_latency-50,-0.5144355874,0.5144355874
adservice_cpu,paymentservice_latency-50,0.5138175861,0.5138175861
cartservice_latency-50,recommendationservice_latency-90,-0.5128970784,0.5128970784
frontend_mem,productcatalogservice_mem,0.5089721178,0.5089721178
cartservice_cpu,frontend_latency-90,-0.5074169629,0.5074169629
cartservice_latency-50,checkoutservice_latency-90,-0.507393417,0.507393417
cartservice_cpu,frontend_cpu,0.5071599352,0.5071599352
checkoutservice_latency-90,productcatalogservice_workload,-0.5035469298,0.5035469298
cartservice_latency-50,main_cpu,0.5012302742,0.5012302742
frontend_workload,shippingservice_workload,0.4987463737,0.4987463737
adservice_latency-90,emailservice_cpu,0.4976287452,0.4976287452
cartservice_cpu,recommendationservice_latency-90,-0.4975436539,0.4975436539
cartservice_cpu,productcatalogservice_latency-90,-0.4967155897,0.4967155897
cartservice_cpu,recommendationservice_latency-50,-0.4964708589,0.4964708589
cartservice_cpu,frontend_latency-50,-0.4949980064,0.4949980064
adservice_latency-50,paymentservice_latency-50,0.491364558,0.491364558
cartservice_cpu,checkoutservice_latency-50,-0.4905618739,0.4905618739
paymentservice_latency-50,recommendationservice_cpu,0.4898753956,0.4898753956
productcatalogservice_cpu,shippingservice_cpu,0.4874007541,0.4874007541
adservice_latency-90,frontend_latency-50,-0.486263021,0.486263021
adservice_latency-90,recommendationservice_latency-50,-0.4839933826,0.4839933826
main_mem,paymentservice_latency-50,-0.4839518091,0.4839518091
adservice_latency-90,productcatalogservice_latency-90,-0.4831074373,0.4831074373
frontend_mem,redis_cpu,-0.4828222976,0.4828222976
frontend_latency-90,shippingservice_cpu,-0.4812966671,0.4812966671
recommendationservice_latency-50,shippingservice_cpu,-0.4803574385,0.4803574385
frontend_latency-50,shippingservice_cpu,-0.479660453,0.479660453
frontend_cpu,shippingservice_cpu,0.4794154088,0.4794154088
productcatalogservice_latency-90,shippingservice_cpu,-0.4793710851,0.4793710851
adservice_cpu,redis_mem,0.4787784339,0.4787784339
main_mem,paymentservice_mem,0.4782375827,0.4782375827
productcatalogservice_latency-50,redis_cpu,-0.4769890939,0.4769890939
adservice_latency-90,frontend_latency-90,-0.4762403217,0.4762403217
checkoutservice_latency-50,shippingservice_cpu,-0.474017546,0.474017546
adservice_latency-50,shippingservice_latency-90,0.473442225,0.473442225
adservice_latency-90,productcatalogservice_cpu,0.4723682762,0.4723682762
recommendationservice_latency-90,shippingservice_cpu,-0.4722335846,0.4722335846
frontend_mem,recommendationservice_mem,0.4696518266,0.4696518266
cartservice_cpu,checkoutservice_latency-90,-0.4683389249,0.4683389249
adservice_latency-90,frontend_mem,-0.4679786631,0.4679786631
adservice_latency-90,checkoutservice_latency-90,-0.462961401,0.462961401
cartservice_cpu,cartservice_latency-50,0.4624957312,0.4624957312
emailservice_cpu,frontend_latency-50,-0.4614649437,0.4614649437
emailservice_cpu,recommendationservice_latency-50,-0.461249179,0.461249179
adservice_latency-90,checkoutservice_latency-50,-0.4611089811,0.4611089811
cartservice_workload,checkoutservice_workload,0.4608985117,0.4608985117
emailservice_cpu,productcatalogservice_latency-90,-0.4602003787,0.4602003787
emailservice_cpu,frontend_latency-90,-0.4587333293,0.4587333293
frontend_mem,productcatalogservice_cpu,-0.4586228629,0.4586228629
checkoutservice_latency-90,shippingservice_cpu,-0.4583587549,0.4583587549
adservice_latency-50,currencyservice_latency-50,-0.4582560919,0.4582560919
cartservice_cpu,currencyservice_cpu,0.4572991592,0.4572991592
cartservice_latency-50,productcatalogservice_latency-50,-0.4555879715,0.4555879715
adservice_latency-90,recommendationservice_latency-90,-0.4549454923,0.4549454923
cartservice_cpu,productcatalogservice_latency-50,-0.4528101792,0.4528101792
adservice_latency-90,main_cpu,0.4519487422,0.4519487422
cartservice_latency-50,currencyservice_latency-50,-0.4517688498,0.4517688498
adservice_latency-50,shippingservice_latency-50,0.4503662308,0.4503662308
adservice_cpu,currencyservice_mem,0.4502613468,0.4502613468
emailservice_cpu,recommendationservice_latency-90,-0.449737622,0.449737622
adservice_latency-50,frontend_latency-50,-0.4495487593,0.4495487593
adservice_latency-50,recommendationservice_latency-50,-0.4494597699,0.4494597699
adservice_latency-50,productcatalogservice_latency-90,-0.4471004865,0.4471004865
adservice_cpu,recommendationservice_mem,0.4466826423,0.4466826423
cartservice_workload,paymentservice_workload,0.4454245987,0.4454245987
checkoutservice_latency-90,emailservice_cpu,-0.4448199496,0.4448199496
adservice_latency-50,frontend_mem,-0.4440204719,0.4440204719
checkoutservice_latency-50,emailservice_cpu,-0.443029988,0.443029988
adservice_latency-50,frontend_latency-90,-0.4380208796,0.4380208796
adservice_cpu,adservice_latency-50,0.436590938,0.436590938
adservice_latency-50,recommendationservice_latency-90,-0.4343848346,0.4343848346
main_mem,productcatalogservice_mem,0.4325708658,0.4325708658
adservice_latency-50,checkoutservice_latency-90,-0.4292647461,0.4292647461
adservice_latency-50,checkoutservice_latency-50,-0.428074279,0.428074279
adservice_latency-50,productcatalogservice_cpu,0.4276218251,0.4276218251
adservice_workload,shippingservice_workload,0.4244796082,0.4244796082
adservice_latency-90,currencyservice_latency-50,-0.4240483875,0.4240483875
emailservice_cpu,productcatalogservice_cpu,0.4220303995,0.4220303995
emailservice_cpu,frontend_cpu,0.4218981948,0.4218981948
adservice_latency-50,main_cpu,0.4214737175,0.4214737175
cartservice_workload,emailservice_workload,0.421403623,0.421403623
productcatalogservice_latency-50,shippingservice_cpu,-0.4185564345,0.4185564345
adservice_latency-50,emailservice_cpu,0.4176358243,0.4176358243
emailservice_latency-50,frontend_mem,-0.4172507268,0.4172507268
currencyservice_cpu,shippingservice_latency-50,0.416249205,0.416249205
paymentservice_workload,productcatalogservice_workload,0.4125861019,0.4125861019
currencyservice_latency-50,main_cpu,-0.4123648374,0.4123648374
checkoutservice_latency-50,recommendationservice_cpu,-0.407097329,0.407097329
frontend_latency-50,frontend_mem,0.4064400597,0.4064400597
adservice_latency-90,cartservice_cpu,0.4064242711,0.4064242711
frontend_mem,recommendationservice_latency-50,0.4063886824,0.4063886824
adservice_latency-90,productcatalogservice_latency-50,-0.4060156175,0.4060156175
frontend_latency-90,frontend_mem,0.4049320675,0.4049320675
cartservice_latency-50,frontend_cpu,0.4032609983,0.4032609983
frontend_mem,productcatalogservice_latency-90,0.4029184322,0.4029184322
frontend_mem,main_cpu,-0.4026165632,0.4026165632
frontend-external_workload,paymentservice_workload,0.4003568301,0.4003568301
frontend_mem,recommendationservice_latency-90,0.4000805792,0.4000805792
frontend_latency-90,recommendationservice_cpu,-0.3999503289,0.3999503289
currencyservice_cpu,redis_cpu,0.3990597,0.3990597
productcatalogservice_latency-90,recommendationservice_cpu,-0.3988235398,0.3988235398
recommendationservice_cpu,recommendationservice_latency-50,-0.3979521484,0.3979521484
frontend_latency-50,recommendationservice_cpu,-0.3975690151,0.3975690151
adservice_latency-50,cartservice_mem,0.397180448,0.397180448
emailservice_cpu,productcatalogservice_latency-50,-0.3956049927,0.3956049927
recommendationservice_cpu,recommendationservice_latency-90,-0.3934429595,0.3934429595
checkoutservice_workload,productcatalogservice_workload,0.3916585198,0.3916585198
checkoutservice_workload,frontend-external_workload,0.390378959,0.390378959
productcatalogservice_cpu,productcatalogservice_workload,0.3899178293,0.3899178293
cartservice_cpu,recommendationservice_cpu,0.388804259,0.388804259
adservice_latency-50,productcatalogservice_latency-50,-0.3882971297,0.3882971297
checkoutservice_latency-90,frontend_mem,0.3844251426,0.3844251426
frontend_cpu,productcatalogservice_workload,0.3825604307,0.3825604307
checkoutservice_latency-50,frontend_mem,0.3816437524,0.3816437524
main_cpu,shippingservice_cpu,0.3809318589,0.3809318589
currencyservice_cpu,frontend_mem,-0.3798428505,0.3798428505
checkoutservice_latency-90,recommendationservice_cpu,-0.3781523745,0.3781523745
currencyservice_cpu,shippingservice_latency-90,0.3774831029,0.3774831029
adservice_latency-90,shippingservice_latency-50,0.376123567,0.376123567
checkoutservice_workload,recommendationservice_workload,0.3753698791,0.3753698791
adservice_cpu,adservice_latency-90,0.3748419313,0.3748419313
emailservice_latency-50,recommendationservice_latency-50,-0.3743074335,0.3743074335
cartservice_cpu,paymentservice_latency-50,0.3741495019,0.3741495019
emailservice_latency-50,frontend_latency-50,-0.373573468,0.373573468
checkoutservice_mem,recommendationservice_latency-90,0.3731288353,0.3731288353
emailservice_latency-50,productcatalogservice_latency-90,-0.3723364292,0.3723364292
emailservice_latency-50,frontend_latency-90,-0.3708203372,0.3708203372
emailservice_workload,productcatalogservice_workload,0.3701827041,0.3701827041
checkoutservice_latency-90,checkoutservice_mem,0.3695509232,0.3695509232
paymentservice_workload,recommendationservice_workload,0.3683694038,0.3683694038
cartservice_latency-50,shippingservice_latency-50,0.3681842159,0.3681842159
emailservice_latency-50,recommendationservice_latency-90,-0.3677359967,0.3677359967
checkoutservice_mem,productcatalogservice_latency-50,0.3671421653,0.3671421653
adservice_cpu,productcatalogservice_mem,0.367011245,0.367011245
adservice_latency-50,cartservice_cpu,0.3650864814,0.3650864814
adservice_cpu,recommendationservice_cpu,0.3639214212,0.3639214212
currencyservice_mem,frontend_mem,0.3618457227,0.3618457227
checkoutservice_mem,productcatalogservice_latency-90,0.3573041336,0.3573041336
checkoutservice_mem,recommendationservice_latency-50,0.3556431313,0.3556431313
cartservice_cpu,redis_cpu,0.3535529366,0.3535529366
checkoutservice_mem,frontend_latency-50,0.3528186039,0.3528186039
adservice_cpu,shippingservice_mem,0.3521222126,0.3521222126
cartservice_latency-50,currencyservice_cpu,0.3519788377,0.3519788377
checkoutservice_mem,frontend_latency-90,0.3517637236,0.3517637236
adservice_cpu,cartservice_cpu,0.351156703,0.351156703
emailservice_workload,frontend-external_workload,0.3510452584,0.3510452584
paymentservice_mem,shippingservice_mem,0.3510225147,0.3510225147
adservice_latency-90,frontend_cpu,0.3489545694,0.3489545694
checkoutservice_latency-50,checkoutservice_mem,0.3484536221,0.3484536221
paymentservice_latency-50,productcatalogservice_latency-50,-0.3477168652,0.3477168652
productcatalogservice_latency-50,recommendationservice_cpu,-0.3473383609,0.3473383609
adservice_latency-90,shippingservice_latency-90,0.3432434482,0.3432434482
cartservice_cpu,shippingservice_cpu,0.3430722661,0.3430722661
checkoutservice_latency-50,emailservice_latency-50,-0.3428992923,0.3428992923
paymentservice_latency-50,productcatalogservice_latency-90,-0.3428682851,0.3428682851
currencyservice_workload,paymentservice_workload,0.3427508525,0.3427508525
frontend_mem,shippingservice_mem,0.3398460789,0.3398460789
paymentservice_latency-50,recommendationservice_latency-50,-0.3398100422,0.3398100422
checkoutservice_latency-90,emailservice_latency-50,-0.3393227321,0.3393227321
frontend_latency-90,paymentservice_latency-50,-0.33889186,0.33889186
frontend_latency-50,paymentservice_latency-50,-0.3387482786,0.3387482786
checkoutservice_latency-50,paymentservice_latency-50,-0.3384811694,0.3384811694
checkoutservice_latency-50,main_mem,0.338326978,0.338326978
emailservice_latency-50,frontend_cpu,0.3383236991,0.3383236991
adservice_latency-90,cartservice_mem,0.3375260859,0.3375260859
main_cpu,productcatalogservice_workload,0.3373422213,0.3373422213
main_mem,recommendationservice_cpu,-0.3369028339,0.3369028339
currencyservice_latency-50,emailservice_cpu,-0.3368721531,0.3368721531
paymentservice_latency-50,recommendationservice_latency-90,-0.3357856516,0.3357856516
frontend_latency-90,main_mem,0.334046553,0.334046553
frontend_latency-50,main_mem,0.3329189661,0.3329189661
emailservice_workload,recommendationservice_workload,0.3323370657,0.3323370657
main_mem,recommendationservice_latency-50,0.331921803,0.331921803
main_mem,shippingservice_mem,0.3298154244,0.3298154244
frontend_mem,productcatalogservice_latency-50,0.3280966127,0.3280966127
main_mem,productcatalogservice_latency-90,0.3280544029,0.3280544029
main_mem,recommendationservice_latency-90,0.3280108985,0.3280108985
frontend_cpu,frontend_mem,-0.3271731202,0.3271731202
currencyservice_cpu,productcatalogservice_workload,0.325264618,0.325264618
emailservice_latency-50,productcatalogservice_cpu,0.3244758887,0.3244758887
emailservice_latency-50,paymentservice_latency-50,0.3237317909,0.3237317909
adservice_latency-50,currencyservice_cpu,0.3207144239,0.3207144239
emailservice_cpu,frontend_mem,-0.3200993202,0.3200993202
frontend_mem,redis_mem,0.3197566077,0.3197566077
adservice_latency-50,frontend_cpu,0.3194573325,0.3194573325
frontend_mem,shippingservice_latency-90,-0.3183358005,0.3183358005
paymentservice_cpu,paymentservice_latency-50,0.3176311678,0.3176311678
checkoutservice_latency-90,paymentservice_latency-50,-0.3163798177,0.3163798177
emailservice_latency-50,productcatalogservice_latency-50,-0.3157877295,0.3157877295
adservice_latency-90,currencyservice_cpu,0.3130048993,0.3130048993
cartservice_mem,frontend_mem,0.3116584782,0.3116584782
paymentservice_mem,productcatalogservice_mem,0.3115464037,0.3115464037
cartservice_mem,recommendationservice_cpu,0.3110117038,0.3110117038
checkoutservice_cpu,emailservice_cpu,0.3110064895,0.3110064895
checkoutservice_latency-90,main_mem,0.3103355777,0.3103355777
cartservice_latency-50,shippingservice_latency-90,0.3095043506,0.3095043506
adservice_mem,main_mem,0.3087138258,0.3087138258
productcatalogservice_cpu,recommendationservice_cpu,0.3081705867,0.3081705867
currencyservice_cpu,emailservice_cpu,0.3077535729,0.3077535729
frontend_mem,main_mem,0.3046301352,0.3046301352
currencyservice_latency-50,recommendationservice_cpu,0.302129085,0.302129085
checkoutservice_workload,currencyservice_workload,0.301825236,0.301825236
productcatalogservice_cpu,shippingservice_latency-50,0.3016347154,0.3016347154
frontend_workload,paymentservice_workload,0.2979008873,0.2979008873
cartservice_cpu,main_cpu,0.2954741034,0.2954741034
emailservice_mem,frontend_mem,0.2949588417,0.2949588417
adservice_cpu,paymentservice_mem,-0.293990791,0.293990791
cartservice_cpu,emailservice_cpu,0.2937899214,0.2937899214
productcatalogservice_workload,redis_cpu,0.2934714377,0.2934714377
adservice_cpu,cartservice_latency-50,0.2914592992,0.2914592992
frontend_cpu,recommendationservice_cpu,0.2858907595,0.2858907595
adservice_mem,frontend_mem,0.2847305089,0.2847305089
currencyservice_cpu,recommendationservice_cpu,0.2842885457,0.2842885457
cartservice_cpu,cartservice_mem,0.2842383015,0.2842383015
currencyservice_workload,frontend_latency-50,-0.2832524067,0.2832524067
currencyservice_workload,productcatalogservice_latency-90,-0.2831866311,0.2831866311
currencyservice_workload,recommendationservice_latency-50,-0.2830516117,0.2830516117
currencyservice_workload,frontend_latency-90,-0.2828203361,0.2828203361
checkoutservice_mem,productcatalogservice_cpu,-0.2800194077,0.2800194077
adservice_latency-50,emailservice_mem,0.2790404688,0.2790404688
cartservice_cpu,productcatalogservice_workload,0.2789203268,0.2789203268
shippingservice_cpu,shippingservice_latency-90,0.2788249843,0.2788249843
checkoutservice_latency-50,currencyservice_workload,-0.2781541936,0.2781541936
currencyservice_workload,recommendationservice_latency-90,-0.2775370809,0.2775370809
cartservice_latency-50,productcatalogservice_workload,0.2773024648,0.2773024648
checkoutservice_cpu,frontend_latency-90,-0.2762068323,0.2762068323
checkoutservice_cpu,recommendationservice_latency-50,-0.2760863451,0.2760863451
checkoutservice_cpu,frontend_latency-50,-0.2758745761,0.2758745761
checkoutservice_cpu,productcatalogservice_latency-90,-0.2757326402,0.2757326402
adservice_cpu,checkoutservice_latency-50,-0.2750230908,0.2750230908
paymentservice_mem,recommendationservice_mem,0.2747141267,0.2747141267
currencyservice_workload,emailservice_workload,0.2740720498,0.2740720498
frontend_mem,shippingservice_latency-50,-0.2737340616,0.2737340616
adservice_cpu,frontend_latency-90,-0.2719590638,0.2719590638
currencyservice_mem,paymentservice_mem,0.2717277539,0.2717277539
checkoutservice_cpu,recommendationservice_latency-90,-0.2711310619,0.2711310619
paymentservice_mem,recommendationservice_cpu,-0.2707881475,0.2707881475
redis_cpu,shippingservice_cpu,0.2704907698,0.2704907698
cartservice_latency-50,cartservice_mem,0.2691773679,0.2691773679
currencyservice_mem,main_mem,0.2689205956,0.2689205956
adservice_cpu,frontend_latency-50,-0.2684337077,0.2684337077
adservice_cpu,productcatalogservice_latency-90,-0.2680473264,0.2680473264
adservice_cpu,recommendationservice_latency-50,-0.2677280001,0.2677280001
adservice_cpu,paymentservice_cpu,0.2661230597,0.2661230597
checkoutservice_latency-90,currencyservice_workload,-0.2651316968,0.2651316968
adservice_cpu,checkoutservice_latency-90,-0.261923636,0.261923636
checkoutservice_cpu,frontend_cpu,0.2600551294,0.2600551294
adservice_cpu,recommendationservice_latency-90,-0.2589890438,0.2589890438
cartservice_workload,frontend_latency-50,-0.2580995298,0.2580995298
cartservice_workload,productcatalogservice_latency-90,-0.2580006526,0.2580006526
cartservice_workload,recommendationservice_latency-50,-0.2579939483,0.2579939483
checkoutservice_cpu,checkoutservice_latency-50,-0.2577992996,0.2577992996
cartservice_workload,frontend_latency-90,-0.2575256647,0.2575256647
productcatalogservice_workload,shippingservice_cpu,0.255695145,0.255695145
adservice_workload,frontend_latency-50,-0.2553204349,0.2553204349
adservice_workload,recommendationservice_latency-50,-0.2552635463,0.2552635463
checkoutservice_mem,frontend_cpu,-0.2551316131,0.2551316131
checkoutservice_cpu,redis_cpu,0.2550797674,0.2550797674
adservice_workload,frontend_latency-90,-0.2548717009,0.2548717009
adservice_workload,productcatalogservice_latency-90,-0.2548374547,0.2548374547
paymentservice_latency-50,productcatalogservice_cpu,0.2547020602,0.2547020602
cartservice_workload,recommendationservice_latency-90,-0.2537246679,0.2537246679
cartservice_workload,checkoutservice_latency-50,-0.2535460693,0.2535460693
adservice_cpu,main_mem,-0.253525681,0.253525681
adservice_workload,recommendationservice_latency-90,-0.2512918619,0.2512918619
adservice_workload,checkoutservice_latency-50,-0.2502265219,0.2502265219
frontend_latency-50,frontend_workload,-0.2494589007,0.2494589007
checkoutservice_cpu,productcatalogservice_cpu,0.2494462494,0.2494462494
frontend_workload,recommendationservice_latency-50,-0.2492471914,0.2492471914
frontend_latency-90,frontend_workload,-0.2492310469,0.2492310469
frontend_workload,productcatalogservice_latency-90,-0.2492161272,0.2492161272
frontend-external_workload,frontend_latency-50,-0.2487283072,0.2487283072
frontend-external_workload,recommendationservice_latency-50,-0.2486258397,0.2486258397
frontend-external_workload,productcatalogservice_latency-90,-0.2485074519,0.2485074519
frontend-external_workload,frontend_latency-90,-0.248205788,0.248205788
checkoutservice_cpu,shippingservice_cpu,0.248198401,0.248198401
currencyservice_workload,productcatalogservice_latency-50,-0.2479826865,0.2479826865
main_cpu,shippingservice_latency-90,0.2463190145,0.2463190145
frontend_latency-50,recommendationservice_workload,-0.2458394078,0.2458394078
emailservice_cpu,shippingservice_cpu,0.2457216775,0.2457216775
recommendationservice_latency-50,recommendationservice_workload,-0.2457149644,0.2457149644
emailservice_cpu,productcatalogservice_workload,0.2456053286,0.2456053286
productcatalogservice_latency-90,recommendationservice_workload,-0.2456036835,0.2456036835
shippingservice_cpu,shippingservice_latency-50,0.2454721672,0.2454721672
frontend_latency-90,recommendationservice_workload,-0.2453134028,0.2453134028
adservice_latency-90,productcatalogservice_workload,0.2452603227,0.2452603227
checkoutservice_latency-50,frontend_workload,-0.2449169142,0.2449169142
cartservice_latency-50,checkoutservice_mem,-0.2448656138,0.2448656138
frontend_workload,recommendationservice_latency-90,-0.2448322561,0.2448322561
frontend-external_workload,recommendationservice_latency-90,-0.2441453914,0.2441453914
checkoutservice_latency-50,frontend-external_workload,-0.2438895512,0.2438895512
frontend_mem,paymentservice_mem,0.2433057599,0.2433057599
currencyservice_latency-50,productcatalogservice_cpu,-0.2429876605,0.2429876605
cartservice_cpu,frontend_mem,-0.2425805158,0.2425805158
checkoutservice_mem,frontend_mem,0.242569281,0.242569281
cartservice_workload,checkoutservice_latency-90,-0.2424840519,0.2424840519
checkoutservice_latency-50,recommendationservice_workload,-0.2419056755,0.2419056755
recommendationservice_latency-90,recommendationservice_workload,-0.2415481172,0.2415481172
cartservice_cpu,emailservice_latency-50,0.2412692472,0.2412692472
cartservice_cpu,main_mem,-0.2411356984,0.2411356984
adservice_workload,checkoutservice_latency-90,-0.2396336958,0.2396336958
redis_cpu,shippingservice_latency-90,0.2383613043,0.2383613043
adservice_latency-50,redis_mem,0.2380565955,0.2380565955
productcatalogservice_cpu,shippingservice_latency-90,0.2372784233,0.2372784233
checkoutservice_cpu,main_cpu,0.2372542538,0.2372542538
cartservice_latency-50,main_mem,-0.2368606181,0.2368606181
adservice_latency-90,main_mem,-0.23685843,0.23685843
main_mem,recommendationservice_mem,0.2364007342,0.2364007342
checkoutservice_cpu,checkoutservice_latency-90,-0.2350705854,0.2350705854
adservice_latency-50,productcatalogservice_workload,0.2342069225,0.2342069225
checkoutservice_latency-90,frontend_workload,-0.2341683471,0.2341683471
checkoutservice_cpu,productcatalogservice_latency-50,-0.2340627026,0.2340627026
currencyservice_latency-50,frontend_latency-90,0.2338129184,0.2338129184
checkoutservice_latency-90,frontend-external_workload,-0.2327267655,0.2327267655
currencyservice_latency-50,recommendationservice_latency-90,0.2314633835,0.2314633835
checkoutservice_latency-90,recommendationservice_workload,-0.2314225844,0.2314225844
adservice_mem,paymentservice_mem,0.2304394719,0.2304394719
adservice_workload,paymentservice_workload,0.2283026274,0.2283026274
cartservice_workload,productcatalogservice_latency-50,-0.2278520314,0.2278520314
adservice_cpu,productcatalogservice_latency-50,-0.2273399199,0.2273399199
cartservice_mem,paymentservice_cpu,0.2273241058,0.2273241058
recommendationservice_cpu,shippingservice_cpu,0.2257311997,0.2257311997
frontend_cpu,shippingservice_latency-50,0.2235240677,0.2235240677
currencyservice_latency-50,frontend_latency-50,0.2230824341,0.2230824341
checkoutservice_mem,main_cpu,-0.2228648763,0.2228648763
currencyservice_latency-50,recommendationservice_latency-50,0.2227112658,0.2227112658
currencyservice_latency-50,productcatalogservice_latency-90,0.2222182531,0.2222182531
checkoutservice_latency-90,currencyservice_latency-50,0.2207975848,0.2207975848
frontend_cpu,paymentservice_latency-50,0.2202209033,0.2202209033
checkoutservice_mem,redis_cpu,-0.2200635548,0.2200635548
main_mem,productcatalogservice_latency-50,0.2194805127,0.2194805127
checkoutservice_mem,productcatalogservice_workload,-0.2183082776,0.2183082776
adservice_workload,productcatalogservice_latency-50,-0.2180722841,0.2180722841
frontend-external_workload,productcatalogservice_latency-50,-0.216491517,0.216491517
cartservice_latency-50,checkoutservice_cpu,0.2156226891,0.2156226891
productcatalogservice_latency-50,recommendationservice_workload,-0.2149085798,0.2149085798
checkoutservice_workload,frontend_workload,0.2148435015,0.2148435015
frontend_workload,productcatalogservice_latency-50,-0.2147380902,0.2147380902
frontend_mem,productcatalogservice_workload,-0.2130201063,0.2130201063
checkoutservice_mem,currencyservice_cpu,-0.2129930893,0.2129930893
frontend_latency-90,paymentservice_cpu,-0.2121997377,0.2121997377
paymentservice_cpu,recommendationservice_latency-50,-0.2120288522,0.2120288522
checkoutservice_latency-50,paymentservice_cpu,-0.2119402316,0.2119402316
paymentservice_cpu,productcatalogservice_latency-90,-0.2117308467,0.2117308467
frontend_latency-50,paymentservice_cpu,-0.211594264,0.211594264
productcatalogservice_workload,recommendationservice_cpu,0.2107252423,0.2107252423
paymentservice_cpu,recommendationservice_cpu,0.2103104768,0.2103104768
adservice_latency-90,paymentservice_mem,-0.2102540378,0.2102540378
paymentservice_cpu,recommendationservice_latency-90,-0.2101457777,0.2101457777
paymentservice_cpu,paymentservice_mem,-0.20945983,0.20945983
cartservice_cpu,checkoutservice_mem,-0.2092408882,0.2092408882
currencyservice_latency-50,productcatalogservice_latency-50,0.2089526656,0.2089526656
adservice_latency-90,checkoutservice_cpu,0.2082122051,0.2082122051
checkoutservice_latency-50,currencyservice_latency-50,0.2061964662,0.2061964662
currencyservice_workload,frontend_cpu,0.2060514599,0.2060514599
adservice_latency-90,checkoutservice_mem,-0.2060481985,0.2060481985
main_mem,productcatalogservice_cpu,-0.2049432147,0.2049432147
adservice_latency-90,paymentservice_cpu,0.2048733774,0.2048733774
main_mem,paymentservice_cpu,-0.2035232845,0.2035232845
paymentservice_latency-50,productcatalogservice_workload,0.2020707868,0.2020707868
currencyservice_workload,productcatalogservice_cpu,0.2008220191,0.2008220191
adservice_cpu,frontend_cpu,0.1993113092,0.1993113092
checkoutservice_cpu,emailservice_latency-50,0.1988236328,0.1988236328
cartservice_cpu,shippingservice_latency-50,0.1983849503,0.1983849503
redis_cpu,shippingservice_latency-50,0.1970066941,0.1970066941
adservice_workload,checkoutservice_workload,0.1963600423,0.1963600423
checkoutservice_latency-90,paymentservice_cpu,-0.1962055367,0.1962055367
adservice_latency-50,paymentservice_cpu,0.1959628913,0.1959628913
currencyservice_latency-50,shippingservice_latency-90,-0.1926732491,0.1926732491
emailservice_latency-50,productcatalogservice_workload,0.1916109093,0.1916109093
emailservice_workload,frontend_workload,0.1903535658,0.1903535658
adservice_latency-50,checkoutservice_cpu,0.1900203903,0.1900203903
adservice_latency-50,recommendationservice_mem,0.1894354515,0.1894354515
frontend_mem,shippingservice_cpu,-0.1892459135,0.1892459135
emailservice_latency-50,recommendationservice_cpu,-0.189130738,0.189130738
cartservice_cpu,checkoutservice_cpu,0.1889670545,0.1889670545
cartservice_cpu,paymentservice_cpu,0.1887424682,0.1887424682
paymentservice_mem,shippingservice_latency-50,-0.1881528576,0.1881528576
cartservice_latency-50,paymentservice_cpu,0.1867746627,0.1867746627
adservice_latency-50,main_mem,-0.1850925113,0.1850925113
paymentservice_cpu,productcatalogservice_latency-50,-0.1847651064,0.1847651064
cartservice_workload,productcatalogservice_cpu,0.1847509517,0.1847509517
adservice_workload,productcatalogservice_cpu,0.18345363,0.18345363
adservice_latency-50,checkoutservice_mem,-0.1832463898,0.1832463898
recommendationservice_latency-50,shippingservice_latency-50,-0.1830762458,0.1830762458
adservice_cpu,productcatalogservice_cpu,0.1829309011,0.1829309011
adservice_workload,frontend_cpu,0.1828824165,0.1828824165
cartservice_workload,frontend_cpu,0.1824911237,0.1824911237
cartservice_latency-50,paymentservice_mem,-0.181148182,0.181148182
frontend_latency-50,shippingservice_latency-50,-0.1810022152,0.1810022152
main_mem,shippingservice_latency-90,0.1801874477,0.1801874477
frontend-external_workload,productcatalogservice_cpu,0.1798719967,0.1798719967
productcatalogservice_latency-90,shippingservice_latency-50,-0.1795566738,0.1795566738
adservice_latency-50,adservice_mem,0.1789066976,0.1789066976
frontend_cpu,frontend_workload,0.1785577825,0.1785577825
currencyservice_workload,main_cpu,0.1784712113,0.1784712113
currencyservice_cpu,currencyservice_workload,0.1784467929,0.1784467929
productcatalogservice_cpu,recommendationservice_workload,0.1774332294,0.1774332294
checkoutservice_cpu,currencyservice_cpu,0.1769532071,0.1769532071
frontend_workload,productcatalogservice_cpu,0.1766951084,0.1766951084
currencyservice_latency-50,frontend_cpu,-0.1764943003,0.1764943003
frontend-external_workload,frontend_cpu,0.1764372607,0.1764372607
productcatalogservice_latency-90,shippingservice_workload,-0.1764093438,0.1764093438
checkoutservice_mem,emailservice_cpu,-0.1763723924,0.1763723924
frontend_latency-50,shippingservice_workload,-0.176217812,0.176217812
recommendationservice_latency-50,shippingservice_workload,-0.1760398046,0.1760398046
frontend_latency-90,shippingservice_workload,-0.1757122786,0.1757122786
emailservice_latency-50,shippingservice_latency-90,0.1753800149,0.1753800149
frontend_cpu,main_mem,-0.1750090791,0.1750090791
checkoutservice_mem,main_mem,0.1747953293,0.1747953293
adservice_workload,emailservice_workload,0.174195135,0.174195135
checkoutservice_latency-90,shippingservice_latency-50,-0.1740210572,0.1740210572
recommendationservice_latency-90,shippingservice_latency-50,-0.1739239786,0.1739239786
frontend_cpu,paymentservice_cpu,0.1734997897,0.1734997897
checkoutservice_latency-50,shippingservice_workload,-0.1726595293,0.1726595293
adservice_latency-50,shippingservice_cpu,0.1726341363,0.1726341363
frontend_cpu,recommendationservice_workload,0.1720129596,0.1720129596
cartservice_mem,emailservice_latency-50,0.1715299243,0.1715299243
adservice_cpu,currencyservice_cpu,0.1714457932,0.1714457932
recommendationservice_latency-90,shippingservice_workload,-0.1713857258,0.1713857258
adservice_latency-50,shippingservice_mem,0.169541862,0.169541862
frontend_latency-90,shippingservice_latency-50,-0.1687724566,0.1687724566
adservice_latency-50,currencyservice_mem,0.1684604087,0.1684604087
checkoutservice_latency-90,shippingservice_workload,-0.1661310962,0.1661310962
checkoutservice_latency-50,shippingservice_latency-50,-0.165692347,0.165692347
cartservice_workload,main_cpu,0.1643036514,0.1643036514
paymentservice_cpu,productcatalogservice_cpu,0.1642458184,0.1642458184
cartservice_mem,checkoutservice_latency-50,-0.1636326332,0.1636326332
emailservice_mem,paymentservice_mem,0.163172889,0.163172889
recommendationservice_cpu,shippingservice_latency-90,-0.1621716202,0.1621716202
adservice_workload,main_cpu,0.1620218422,0.1620218422
adservice_cpu,shippingservice_cpu,0.1611026729,0.1611026729
adservice_latency-50,paymentservice_mem,-0.161016398,0.161016398
adservice_latency-90,recommendationservice_cpu,0.1602490072,0.1602490072
emailservice_cpu,paymentservice_latency-50,0.1597336928,0.1597336928
cartservice_workload,currencyservice_cpu,0.1594311605,0.1594311605
frontend-external_workload,main_cpu,0.1587543603,0.1587543603
paymentservice_mem,redis_mem,0.1582736722,0.1582736722
paymentservice_cpu,paymentservice_latency-90,0.1578305603,0.1578305603
productcatalogservice_latency-50,shippingservice_latency-50,-0.1577533644,0.1577533644
paymentservice_latency-50,shippingservice_latency-50,0.1567238253,0.1567238253
productcatalogservice_latency-50,shippingservice_workload,-0.1563345568,0.1563345568
frontend_workload,main_cpu,0.1560886505,0.1560886505
checkoutservice_mem,recommendationservice_cpu,-0.1557611242,0.1557611242
adservice_workload,currencyservice_cpu,0.1556340238,0.1556340238
currencyservice_cpu,frontend-external_workload,0.1555843555,0.1555843555
cartservice_mem,productcatalogservice_latency-90,-0.1550259343,0.1550259343
currencyservice_cpu,frontend_workload,0.154678102,0.154678102
cartservice_mem,frontend_latency-90,-0.1544486384,0.1544486384
currencyservice_workload,redis_cpu,0.1540971994,0.1540971994
currencyservice_latency-50,shippingservice_latency-50,0.1539357253,0.1539357253
cartservice_mem,productcatalogservice_latency-50,-0.1537432649,0.1537432649
main_cpu,recommendationservice_workload,0.1531093487,0.1531093487
cartservice_mem,recommendationservice_latency-50,-0.1530597228,0.1530597228
cartservice_mem,frontend_latency-50,-0.1528839523,0.1528839523
currencyservice_cpu,emailservice_latency-50,0.1528004311,0.1528004311
checkoutservice_cpu,paymentservice_cpu,0.1521489623,0.1521489623
cartservice_mem,recommendationservice_latency-90,-0.1521294378,0.1521294378
cartservice_latency-50,shippingservice_cpu,0.1512151694,0.1512151694
currencyservice_cpu,recommendationservice_workload,0.1509538688,0.1509538688
checkoutservice_mem,paymentservice_latency-50,-0.1505465573,0.1505465573
cartservice_mem,checkoutservice_latency-90,-0.1502059478,0.1502059478
frontend_cpu,shippingservice_latency-90,0.149408773,0.149408773
cartservice_cpu,currencyservice_latency-50,-0.1489621663,0.1489621663
main_mem,productcatalogservice_workload,-0.1488447857,0.1488447857
cartservice_latency-50,currencyservice_workload,0.1483133516,0.1483133516
main_cpu,shippingservice_latency-50,0.1479530773,0.1479530773
emailservice_latency-50,shippingservice_latency-50,0.1467528158,0.1467528158
paymentservice_cpu,shippingservice_cpu,0.1463188918,0.1463188918
adservice_workload,redis_cpu,0.146114545,0.146114545
cartservice_mem,main_mem,-0.1445298028,0.1445298028
checkoutservice_cpu,paymentservice_latency-50,0.1431080777,0.1431080777
cartservice_cpu,currencyservice_workload,0.1422337452,0.1422337452
cartservice_latency-50,recommendationservice_cpu,0.1417435244,0.1417435244
cartservice_cpu,paymentservice_mem,-0.1412730866,0.1412730866
cartservice_workload,redis_cpu,0.1404199982,0.1404199982
checkoutservice_latency-50,paymentservice_mem,0.1399218998,0.1399218998
checkoutservice_cpu,productcatalogservice_workload,0.1398924893,0.1398924893
adservice_cpu,productcatalogservice_workload,0.1398440914,0.1398440914
frontend_workload,redis_cpu,0.1382080944,0.1382080944
currencyservice_workload,shippingservice_cpu,0.1379155841,0.1379155841
frontend-external_workload,redis_cpu,0.1378872679,0.1378872679
recommendationservice_mem,shippingservice_latency-90,-0.1377999002,0.1377999002
checkoutservice_cpu,main_mem,-0.1376100546,0.1376100546
emailservice_cpu,paymentservice_cpu,0.1370361453,0.1370361453
checkoutservice_cpu,recommendationservice_cpu,0.1369866109,0.1369866109
main_cpu,main_mem,0.1369057688,0.1369057688
adservice_latency-90,recommendationservice_mem,0.1350913007,0.1350913007
paymentservice_latency-50,redis_cpu,0.1346280785,0.1346280785
checkoutservice_mem,emailservice_latency-50,-0.1344882908,0.1344882908
emailservice_mem,shippingservice_latency-90,0.1341362264,0.1341362264
emailservice_latency-50,paymentservice_cpu,0.1339003553,0.1339003553
checkoutservice_mem,productcatalogservice_mem,0.1337726003,0.1337726003
paymentservice_mem,productcatalogservice_latency-50,0.1331722584,0.1331722584
adservice_workload,cartservice_latency-50,0.1331312943,0.1331312943
paymentservice_latency-50,recommendationservice_mem,0.1327402641,0.1327402641
adservice_cpu,emailservice_latency-50,0.1323990941,0.1323990941
recommendationservice_workload,redis_cpu,0.1322998168,0.1322998168
adservice_latency-90,currencyservice_workload,0.1321979182,0.1321979182
cartservice_cpu,cartservice_workload,0.1312351442,0.1312351442
paymentservice_mem,recommendationservice_latency-90,0.1301759405,0.1301759405
adservice_latency-90,shippingservice_cpu,0.1301329397,0.1301329397
paymentservice_mem,productcatalogservice_latency-90,0.129900506,0.129900506
cartservice_latency-50,cartservice_workload,0.1298148282,0.1298148282
recommendationservice_cpu,redis_cpu,-0.1297228123,0.1297228123
checkoutservice_mem,shippingservice_mem,0.1296761831,0.1296761831
cartservice_latency-50,frontend_workload,0.1295006855,0.1295006855
productcatalogservice_cpu,shippingservice_workload,0.1293684794,0.1293684794
paymentservice_mem,recommendationservice_latency-50,0.129243979,0.129243979
checkoutservice_mem,shippingservice_cpu,-0.1291753828,0.1291753828
currencyservice_latency-50,productcatalogservice_workload,-0.1290483721,0.1290483721
frontend_cpu,shippingservice_workload,0.1287023104,0.1287023104
frontend_latency-50,paymentservice_mem,0.1282315375,0.1282315375
currencyservice_cpu,paymentservice_cpu,0.1277391179,0.1277391179
cartservice_workload,shippingservice_cpu,0.127365453,0.127365453
frontend_latency-90,paymentservice_mem,0.1262479966,0.1262479966
cartservice_cpu,frontend_workload,0.1262001996,0.1262001996
adservice_workload,shippingservice_cpu,0.1259830157,0.1259830157
checkoutservice_cpu,frontend_mem,-0.125830958,0.125830958
cartservice_latency-50,frontend-external_workload,0.1255481195,0.1255481195
currencyservice_workload,emailservice_cpu,0.1253801019,0.1253801019
checkoutservice_latency-90,paymentservice_mem,0.1247764415,0.1247764415
adservice_workload,cartservice_cpu,0.1246183049,0.1246183049
cartservice_cpu,recommendationservice_workload,0.1241636687,0.1241636687
frontend-external_workload,shippingservice_cpu,0.124058688,0.124058688
adservice_mem,checkoutservice_mem,0.1232416278,0.1232416278
cartservice_cpu,frontend-external_workload,0.1226430684,0.1226430684
cartservice_latency-50,recommendationservice_workload,0.1223061926,0.1223061926
frontend_workload,shippingservice_cpu,0.1217786169,0.1217786169
adservice_workload,emailservice_cpu,0.1216898098,0.1216898098
paymentservice_mem,shippingservice_latency-90,-0.1216557741,0.1216557741
cartservice_latency-50,productcatalogservice_mem,-0.1215937896,0.1215937896
emailservice_mem,paymentservice_cpu,0.1214963686,0.1214963686
currencyservice_workload,frontend_mem,-0.1208978918,0.1208978918
cartservice_workload,emailservice_cpu,0.1208533902,0.1208533902
cartservice_cpu,recommendationservice_mem,0.1203405536,0.1203405536
adservice_cpu,checkoutservice_cpu,0.1199768458,0.1199768458
adservice_latency-50,recommendationservice_cpu,0.1199394781,0.1199394781
adservice_latency-50,currencyservice_workload,0.1198596638,0.1198596638
checkoutservice_cpu,checkoutservice_mem,-0.1197504257,0.1197504257
adservice_latency-90,adservice_workload,0.118902847,0.118902847
adservice_latency-90,emailservice_mem,0.1187832653,0.1187832653
recommendationservice_workload,shippingservice_cpu,0.1180695231,0.1180695231
cartservice_latency-50,cartservice_latency-90,0.1180295591,0.1180295591
emailservice_cpu,frontend_workload,0.1175159201,0.1175159201
emailservice_cpu,frontend-external_workload,0.1174729674,0.1174729674
currencyservice_cpu,shippingservice_workload,0.1172522643,0.1172522643
checkoutservice_cpu,currencyservice_latency-50,-0.1166550028,0.1166550028
paymentservice_cpu,productcatalogservice_workload,0.1163044339,0.1163044339
adservice_latency-90,cartservice_workload,0.1155921745,0.1155921745
checkoutservice_mem,currencyservice_mem,0.1151791215,0.1151791215
adservice_latency-90,frontend_workload,0.1149471119,0.1149471119
paymentservice_cpu,redis_cpu,0.1148391202,0.1148391202
emailservice_latency-50,productcatalogservice_mem,-0.1144239809,0.1144239809
adservice_workload,frontend_mem,-0.1135028313,0.1135028313
emailservice_mem,paymentservice_latency-50,0.1131724746,0.1131724746
checkoutservice_mem,recommendationservice_mem,0.1127431312,0.1127431312
currencyservice_workload,recommendationservice_cpu,0.1124183282,0.1124183282
emailservice_cpu,recommendationservice_workload,0.1118889725,0.1118889725
checkoutservice_mem,currencyservice_latency-50,0.1117541531,0.1117541531
main_cpu,shippingservice_workload,0.1116191523,0.1116191523
adservice_latency-90,frontend-external_workload,0.1107798813,0.1107798813
frontend_mem,recommendationservice_cpu,0.1105551022,0.1105551022
cartservice_workload,frontend_mem,-0.1104329716,0.1104329716
frontend_latency-50,shippingservice_latency-90,-0.109622598,0.109622598
recommendationservice_latency-50,shippingservice_latency-90,-0.1094261575,0.1094261575
adservice_latency-50,adservice_workload,0.1093776594,0.1093776594
adservice_latency-50,cartservice_workload,0.1092155563,0.1092155563
main_mem,redis_mem,0.1090135442,0.1090135442
frontend_mem,frontend_workload,-0.1089835071,0.1089835071
main_cpu,paymentservice_cpu,0.1087944005,0.1087944005
adservice_latency-90,recommendationservice_workload,0.1075583229,0.1075583229
frontend_mem,recommendationservice_workload,-0.1073806719,0.1073806719
frontend-external_workload,frontend_mem,-0.1069588606,0.1069588606
main_cpu,paymentservice_mem,0.1068853563,0.1068853563
productcatalogservice_latency-90,shippingservice_latency-90,-0.1065891379,0.1065891379
adservice_cpu,shippingservice_latency-50,0.1060766632,0.1060766632
adservice_mem,shippingservice_latency-90,0.1052972224,0.1052972224
adservice_latency-50,frontend-external_workload,0.1039948885,0.1039948885
adservice_latency-50,frontend_workload,0.1039807127,0.1039807127
main_cpu,productcatalogservice_mem,0.1039313603,0.1039313603
frontend_workload,recommendationservice_cpu,0.1033773368,0.1033773368
cartservice_cpu,emailservice_mem,0.1028424834,0.1028424834
emailservice_latency-50,shippingservice_cpu,0.1021477359,0.1021477359
paymentservice_mem,productcatalogservice_cpu,-0.101736747,0.101736747
adservice_latency-50,recommendationservice_workload,0.1016777179,0.1016777179
paymentservice_cpu,redis_mem,0.1015963487,0.1015963487
checkoutservice_latency-90,shippingservice_latency-90,-0.1014768177,0.1014768177
cartservice_mem,checkoutservice_cpu,0.1009898948,0.1009898948
currencyservice_workload,main_mem,-0.1003257743,0.1003257743
productcatalogservice_cpu,recommendationservice_mem,-0.1002620211,0.1002620211
currencyservice_workload,emailservice_latency-50,0.1002344903,0.1002344903
recommendationservice_cpu,shippingservice_mem,-0.09960379267,0.09960379267
cartservice_workload,recommendationservice_cpu,0.09897452825,0.09897452825
checkoutservice_mem,currencyservice_workload,-0.09817997559,0.09817997559
currencyservice_mem,shippingservice_latency-90,0.09793922902,0.09793922902
currencyservice_workload,paymentservice_latency-50,0.09716783126,0.09716783126
frontend_latency-90,shippingservice_latency-90,-0.09696035533,0.09696035533
productcatalogservice_workload,shippingservice_latency-50,0.09687961752,0.09687961752
redis_cpu,shippingservice_workload,0.09628612259,0.09628612259
frontend_latency-50,recommendationservice_mem,0.09616530509,0.09616530509
currencyservice_latency-50,recommendationservice_mem,0.09611465154,0.09611465154
paymentservice_latency-50,redis_mem,0.09595911844,0.09595911844
cartservice_cpu,shippingservice_workload,0.09584039507,0.09584039507
paymentservice_latency-50,shippingservice_mem,-0.09573390233,0.09573390233
recommendationservice_latency-50,recommendationservice_mem,0.09558051035,0.09558051035
checkoutservice_mem,emailservice_mem,0.09488430958,0.09488430958
emailservice_mem,main_mem,0.09477232668,0.09477232668
frontend_latency-90,recommendationservice_mem,0.09468386411,0.09468386411
adservice_workload,recommendationservice_cpu,0.09437771837,0.09437771837
adservice_workload,emailservice_latency-50,0.09412450422,0.09412450422
productcatalogservice_latency-90,recommendationservice_mem,0.09368410974,0.09368410974
checkoutservice_mem,redis_mem,0.09301474995,0.09301474995
adservice_workload,checkoutservice_mem,-0.0923044621,0.0923044621
recommendationservice_cpu,recommendationservice_workload,0.09222704994,0.09222704994
cartservice_latency-50,recommendationservice_mem,0.09205280385,0.09205280385
currencyservice_latency-50,paymentservice_mem,-0.0919328726,0.0919328726
recommendationservice_latency-90,recommendationservice_mem,0.09191767424,0.09191767424
recommendationservice_latency-90,shippingservice_latency-90,-0.09185794314,0.09185794314
shippingservice_cpu,shippingservice_workload,0.0917603965,0.0917603965
frontend-external_workload,recommendationservice_cpu,0.09151495695,0.09151495695
cartservice_latency-50,shippingservice_workload,0.09146737394,0.09146737394
cartservice_workload,main_mem,-0.0912026408,0.0912026408
currencyservice_mem,emailservice_cpu,-0.09110242504,0.09110242504
frontend_workload,main_mem,-0.09096623285,0.09096623285
redis_mem,shippingservice_latency-90,0.0909334132,0.0909334132
productcatalogservice_latency-50,shippingservice_latency-90,-0.09089613643,0.09089613643
checkoutservice_mem,frontend_workload,-0.09063826364,0.09063826364
cartservice_workload,checkoutservice_mem,-0.09060079477,0.09060079477
productcatalogservice_mem,shippingservice_cpu,0.09053868889,0.09053868889
main_cpu,shippingservice_mem,0.09047538603,0.09047538603
cartservice_mem,frontend_cpu,0.09032695914,0.09032695914
cartservice_workload,emailservice_latency-50,0.08974384836,0.08974384836
currencyservice_mem,frontend_latency-50,0.08972388171,0.08972388171
main_mem,recommendationservice_workload,-0.08964813494,0.08964813494
currencyservice_latency-50,currencyservice_mem,-0.08932232465,0.08932232465
checkoutservice_latency-50,recommendationservice_mem,0.08928597095,0.08928597095
shippingservice_latency-90,shippingservice_mem,0.08899673554,0.08899673554
currencyservice_mem,recommendationservice_latency-50,0.08890495662,0.08890495662
emailservice_latency-50,frontend-external_workload,0.08888125103,0.08888125103
checkoutservice_mem,frontend-external_workload,-0.08884421549,0.08884421549
frontend_latency-50,paymentservice_workload,-0.08817180313,0.08817180313
paymentservice_workload,productcatalogservice_latency-90,-0.08808796369,0.08808796369
paymentservice_workload,recommendationservice_latency-50,-0.08798736326,0.08798736326
checkoutservice_latency-50,currencyservice_mem,0.08784925613,0.08784925613
frontend_latency-90,paymentservice_workload,-0.08746037558,0.08746037558
emailservice_cpu,shippingservice_latency-50,0.08736470985,0.08736470985
checkoutservice_mem,recommendationservice_workload,-0.08729136913,0.08729136913
checkoutservice_latency-90,currencyservice_mem,0.0869473875,0.0869473875
currencyservice_cpu,recommendationservice_mem,-0.08649707673,0.08649707673
emailservice_cpu,shippingservice_workload,0.08647212571,0.08647212571
emailservice_latency-50,main_mem,-0.08639563027,0.08639563027
checkoutservice_latency-50,paymentservice_workload,-0.08624815058,0.08624815058
checkoutservice_latency-90,recommendationservice_mem,0.0862131444,0.0862131444
emailservice_latency-50,frontend_workload,0.08604804605,0.08604804605
cartservice_cpu,redis_mem,0.08558639846,0.08558639846
checkoutservice_latency-50,shippingservice_latency-90,-0.08550031426,0.08550031426
currencyservice_mem,productcatalogservice_latency-90,0.08525876388,0.08525876388
paymentservice_cpu,recommendationservice_mem,0.0852115368,0.0852115368
cartservice_mem,shippingservice_latency-90,-0.08509145782,0.08509145782
emailservice_latency-50,recommendationservice_mem,0.08506939058,0.08506939058
adservice_latency-90,redis_mem,0.08505872052,0.08505872052
paymentservice_mem,productcatalogservice_workload,-0.08500710345,0.08500710345
currencyservice_cpu,paymentservice_latency-50,0.08465575686,0.08465575686
adservice_workload,main_mem,-0.08460739412,0.08460739412
paymentservice_workload,recommendationservice_latency-90,-0.08456449455,0.08456449455
cartservice_workload,paymentservice_latency-50,0.08440417529,0.08440417529
cartservice_mem,productcatalogservice_workload,0.08383790366,0.08383790366
currencyservice_latency-50,currencyservice_latency-90,0.08368448377,0.08368448377
emailservice_latency-50,recommendationservice_workload,0.08354335619,0.08354335619
checkoutservice_latency-90,paymentservice_workload,-0.08350816563,0.08350816563
checkoutservice_workload,frontend_latency-50,-0.08329809647,0.08329809647
currencyservice_cpu,productcatalogservice_mem,0.08328975992,0.08328975992
currencyservice_mem,frontend_latency-90,0.08328305913,0.08328305913
checkoutservice_workload,productcatalogservice_latency-90,-0.08324124734,0.08324124734
checkoutservice_workload,recommendationservice_latency-50,-0.08308878404,0.08308878404
currencyservice_mem,recommendationservice_latency-90,0.08295348177,0.08295348177
checkoutservice_workload,frontend_latency-90,-0.08275574211,0.08275574211
checkoutservice_latency-50,checkoutservice_workload,-0.08154468371,0.08154468371
frontend-external_workload,main_mem,-0.08148597873,0.08148597873
recommendationservice_mem,shippingservice_latency-50,-0.08137593106,0.08137593106
adservice_mem,recommendationservice_latency-50,0.08123942877,0.08123942877
adservice_mem,frontend_latency-50,0.08123041942,0.08123041942
emailservice_workload,frontend_latency-50,-0.08113489999,0.08113489999
emailservice_workload,productcatalogservice_latency-90,-0.08104790565,0.08104790565
adservice_latency-90,shippingservice_workload,0.08102508501,0.08102508501
emailservice_workload,recommendationservice_latency-50,-0.08095013988,0.08095013988
emailservice_workload,frontend_latency-90,-0.08080099469,0.08080099469
adservice_mem,productcatalogservice_latency-90,0.0807893539,0.0807893539
cartservice_latency-90,shippingservice_latency-50,0.08076194577,0.08076194577
checkoutservice_latency-90,checkoutservice_workload,-0.08047771463,0.08047771463
adservice_latency-50,cartservice_latency-90,0.08012546926,0.08012546926
adservice_mem,recommendationservice_latency-90,0.08001195413,0.08001195413
checkoutservice_mem,paymentservice_cpu,-0.07995234505,0.07995234505
checkoutservice_workload,recommendationservice_latency-90,-0.07951248659,0.07951248659
frontend_workload,paymentservice_latency-50,0.07938425892,0.07938425892
adservice_mem,checkoutservice_latency-50,0.07935324692,0.07935324692
checkoutservice_latency-50,emailservice_workload,-0.07932634099,0.07932634099
checkoutservice_mem,shippingservice_latency-50,-0.07891652217,0.07891652217
productcatalogservice_mem,shippingservice_latency-90,0.07890587437,0.07890587437
adservice_mem,productcatalogservice_cpu,-0.07881869549,0.07881869549
paymentservice_latency-50,recommendationservice_workload,0.07852146629,0.07852146629
checkoutservice_latency-90,emailservice_workload,-0.07836865774,0.07836865774
adservice_mem,frontend_latency-90,0.07804465637,0.07804465637
adservice_latency-50,shippingservice_workload,0.07784559591,0.07784559591
emailservice_workload,recommendationservice_latency-90,-0.07755912318,0.07755912318
adservice_workload,paymentservice_latency-50,0.07754012386,0.07754012386
frontend-external_workload,paymentservice_latency-50,0.07706855684,0.07706855684
paymentservice_cpu,shippingservice_latency-50,0.07597763851,0.07597763851
currencyservice_mem,productcatalogservice_cpu,-0.07582481208,0.07582481208
paymentservice_workload,productcatalogservice_latency-50,-0.0749152036,0.0749152036
currencyservice_latency-50,currencyservice_workload,-0.0743039307,0.0743039307
adservice_latency-50,productcatalogservice_mem,0.07427887493,0.07427887493
frontend_cpu,paymentservice_mem,-0.07427464386,0.07427464386
adservice_mem,checkoutservice_latency-90,0.07353524958,0.07353524958
checkoutservice_cpu,paymentservice_mem,-0.07351975895,0.07351975895
frontend_mem,shippingservice_workload,-0.07347965004,0.07347965004
recommendationservice_mem,shippingservice_cpu,-0.07308847459,0.07308847459
emailservice_cpu,shippingservice_latency-90,0.0726733966,0.0726733966
currencyservice_mem,redis_cpu,-0.0718946133,0.0718946133
frontend_cpu,recommendationservice_mem,-0.07149217471,0.07149217471
checkoutservice_workload,productcatalogservice_latency-50,-0.07147244713,0.07147244713
adservice_mem,cartservice_cpu,0.07141153195,0.07141153195
recommendationservice_cpu,shippingservice_workload,0.07070584985,0.07070584985
adservice_cpu,cartservice_workload,0.0702457396,0.0702457396
checkoutservice_cpu,currencyservice_workload,0.06969887857,0.06969887857
emailservice_cpu,productcatalogservice_mem,-0.0695688136,0.0695688136
adservice_cpu,main_cpu,0.06931777212,0.06931777212
emailservice_workload,productcatalogservice_latency-50,-0.06925711729,0.06925711729
cartservice_workload,currencyservice_latency-50,-0.06913221754,0.06913221754
adservice_cpu,currencyservice_workload,0.0691128097,0.0691128097
checkoutservice_cpu,shippingservice_latency-50,0.06876193528,0.06876193528
cartservice_workload,checkoutservice_cpu,0.06844692753,0.06844692753
currencyservice_latency-50,productcatalogservice_mem,0.06772755918,0.06772755918
paymentservice_latency-50,paymentservice_latency-90,0.0675311092,0.0675311092
adservice_mem,paymentservice_cpu,0.0671649195,0.0671649195
cartservice_latency-90,shippingservice_latency-90,0.06694764649,0.06694764649
adservice_workload,currencyservice_latency-50,-0.06674583424,0.06674583424
checkoutservice_cpu,frontend_workload,0.06661454787,0.06661454787
cartservice_cpu,shippingservice_latency-90,0.06641871138,0.06641871138
adservice_mem,productcatalogservice_latency-50,0.0664172232,0.0664172232
adservice_workload,checkoutservice_cpu,0.06625722405,0.06625722405
recommendationservice_cpu,recommendationservice_mem,0.0660110859,0.0660110859
checkoutservice_cpu,frontend-external_workload,0.06577341059,0.06577341059
adservice_cpu,frontend_workload,0.06533473357,0.06533473357
adservice_mem,main_cpu,0.06493318101,0.06493318101
currencyservice_latency-50,recommendationservice_workload,-0.06458151897,0.06458151897
adservice_cpu,recommendationservice_workload,0.0645563413,0.0645563413
adservice_cpu,frontend-external_workload,0.06440644227,0.06440644227
adservice_cpu,adservice_workload,0.06424390535,0.06424390535
cartservice_cpu,currencyservice_mem,0.06422392024,0.06422392024
currencyservice_latency-50,frontend-external_workload,-0.06398813503,0.06398813503
adservice_cpu,emailservice_cpu,0.06390810621,0.06390810621
currencyservice_mem,frontend_cpu,-0.06374731449,0.06374731449
checkoutservice_cpu,recommendationservice_workload,0.06366708498,0.06366708498
cartservice_latency-90,currencyservice_latency-50,0.06350273878,0.06350273878
checkoutservice_mem,paymentservice_mem,0.06338398231,0.06338398231
adservice_cpu,checkoutservice_mem,-0.06334137108,0.06334137108
currencyservice_latency-50,frontend_workload,-0.06284990128,0.06284990128
emailservice_mem,shippingservice_latency-50,0.06193183092,0.06193183092
adservice_latency-90,productcatalogservice_mem,-0.06186832655,0.06186832655
emailservice_mem,shippingservice_cpu,0.06182370974,0.06182370974
adservice_cpu,shippingservice_latency-90,0.06133402702,0.06133402702
frontend_cpu,paymentservice_workload,0.0613203766,0.0613203766
cartservice_mem,shippingservice_cpu,0.06120548847,0.06120548847
emailservice_latency-50,shippingservice_workload,0.0608077247,0.0608077247
checkoutservice_mem,shippingservice_workload,-0.06071070672,0.06071070672
paymentservice_latency-50,shippingservice_workload,0.06053000031,0.06053000031
emailservice_workload,frontend_cpu,0.05999527583,0.05999527583
currencyservice_workload,paymentservice_cpu,0.05921333272,0.05921333272
paymentservice_workload,productcatalogservice_cpu,0.05919033381,0.05919033381
checkoutservice_workload,frontend_cpu,0.05916157299,0.05916157299
main_mem,shippingservice_workload,-0.05898161574,0.05898161574
cartservice_workload,paymentservice_cpu,0.05877314493,0.05877314493
productcatalogservice_latency-50,recommendationservice_mem,0.05852433453,0.05852433453
checkoutservice_latency-50,shippingservice_mem,0.05848109163,0.05848109163
checkoutservice_workload,productcatalogservice_cpu,0.05803679038,0.05803679038
redis_mem,shippingservice_cpu,0.05781956622,0.05781956622
productcatalogservice_workload,shippingservice_latency-90,0.05714476215,0.05714476215
cartservice_latency-90,frontend_cpu,-0.05659373807,0.05659373807
emailservice_latency-50,emailservice_latency-90,0.05640114953,0.05640114953
productcatalogservice_cpu,shippingservice_mem,-0.05630491064,0.05630491064
frontend-external_workload,paymentservice_cpu,0.05629996754,0.05629996754
frontend_latency-50,shippingservice_mem,0.05613522193,0.05613522193
recommendationservice_latency-50,shippingservice_mem,0.05608267641,0.05608267641
currencyservice_latency-90,shippingservice_latency-50,0.05606660136,0.05606660136
productcatalogservice_latency-90,shippingservice_mem,0.05576137319,0.05576137319
emailservice_workload,productcatalogservice_cpu,0.05545840021,0.05545840021
paymentservice_cpu,recommendationservice_workload,0.05507898332,0.05507898332
cartservice_latency-50,currencyservice_mem,-0.05507794123,0.05507794123
paymentservice_mem,redis_cpu,0.05502916977,0.05502916977
adservice_latency-90,cartservice_latency-90,0.05434724495,0.05434724495
recommendationservice_latency-90,shippingservice_mem,0.05424523595,0.05424523595
currencyservice_cpu,paymentservice_workload,0.05413024394,0.05413024394
currencyservice_latency-50,emailservice_mem,-0.05365118791,0.05365118791
checkoutservice_latency-90,shippingservice_mem,0.05354046302,0.05354046302
adservice_workload,paymentservice_cpu,0.05351372321,0.05351372321
frontend_latency-90,shippingservice_mem,0.05314406069,0.05314406069
adservice_cpu,redis_cpu,0.05263107156,0.05263107156
productcatalogservice_mem,recommendationservice_cpu,0.05256203978,0.05256203978
adservice_mem,shippingservice_cpu,0.05238924147,0.05238924147
adservice_mem,emailservice_cpu,-0.05228591839,0.05228591839
adservice_cpu,shippingservice_workload,0.05197140347,0.05197140347
checkoutservice_cpu,shippingservice_workload,0.05132274304,0.05132274304
main_cpu,paymentservice_workload,0.05100340528,0.05100340528
checkoutservice_cpu,shippingservice_latency-90,0.05087707647,0.05087707647
productcatalogservice_mem,redis_cpu,-0.0508587212,0.0508587212
cartservice_cpu,paymentservice_latency-90,0.05045373447,0.05045373447
productcatalogservice_cpu,productcatalogservice_mem,-0.05041480677,0.05041480677
paymentservice_mem,shippingservice_cpu,-0.05037921452,0.05037921452
paymentservice_cpu,productcatalogservice_mem,0.04954603234,0.04954603234
adservice_mem,productcatalogservice_workload,-0.04952955146,0.04952955146
checkoutservice_workload,currencyservice_cpu,0.0492537678,0.0492537678
paymentservice_cpu,shippingservice_workload,0.04924889431,0.04924889431
productcatalogservice_workload,recommendationservice_mem,-0.04892077609,0.04892077609
currencyservice_cpu,emailservice_mem,0.04887329195,0.04887329195
adservice_mem,currencyservice_cpu,0.04871139448,0.04871139448
main_mem,redis_cpu,0.04861944159,0.04861944159
frontend_workload,paymentservice_cpu,0.04844701998,0.04844701998
currencyservice_workload,shippingservice_latency-50,0.04823461889,0.04823461889
currencyservice_cpu,emailservice_workload,0.04803234254,0.04803234254
currencyservice_latency-50,shippingservice_mem,-0.04787607751,0.04787607751
currencyservice_mem,paymentservice_cpu,0.04765718647,0.04765718647
cartservice_latency-50,emailservice_mem,0.0476372696,0.0476372696
adservice_workload,shippingservice_latency-50,0.04763431185,0.04763431185
adservice_mem,frontend_cpu,-0.04650574337,0.04650574337
main_cpu,paymentservice_latency-50,0.04624914898,0.04624914898
emailservice_cpu,paymentservice_workload,0.04582800749,0.04582800749
emailservice_latency-50,emailservice_mem,0.0456976859,0.0456976859
frontend-external_workload,shippingservice_latency-50,0.04546249208,0.04546249208
checkoutservice_workload,emailservice_cpu,0.04532681475,0.04532681475
emailservice_cpu,emailservice_workload,0.04516384871,0.04516384871
paymentservice_workload,shippingservice_cpu,0.04514750965,0.04514750965
checkoutservice_workload,main_cpu,0.04510492931,0.04510492931
paymentservice_latency-50,shippingservice_cpu,0.04476939043,0.04476939043
paymentservice_workload,redis_cpu,0.0447024235,0.0447024235
currencyservice_workload,recommendationservice_mem,-0.04440397619,0.04440397619
cartservice_cpu,checkoutservice_workload,0.0443484465,0.0443484465
adservice_mem,paymentservice_latency-50,-0.04422119179,0.04422119179
cartservice_cpu,paymentservice_workload,0.04417478391,0.04417478391
emailservice_cpu,recommendationservice_mem,0.04393463394,0.04393463394
frontend_mem,paymentservice_cpu,-0.04390624934,0.04390624934
emailservice_workload,main_cpu,0.04388710572,0.04388710572
cartservice_mem,paymentservice_mem,-0.04382430504,0.04382430504
cartservice_mem,productcatalogservice_cpu,0.04376558686,0.04376558686
currencyservice_cpu,paymentservice_mem,-0.04368524941,0.04368524941
checkoutservice_workload,shippingservice_cpu,0.04363199422,0.04363199422
cartservice_cpu,emailservice_workload,0.04311542541,0.04311542541
productcatalogservice_latency-50,shippingservice_mem,0.04302133166,0.04302133166
frontend_cpu,shippingservice_mem,-0.04273913285,0.04273913285
main_mem,shippingservice_cpu,-0.04241355252,0.04241355252
adservice_mem,cartservice_latency-50,-0.04180407694,0.04180407694
cartservice_latency-50,paymentservice_workload,0.0414153495,0.0414153495
adservice_mem,recommendationservice_cpu,-0.04141149123,0.04141149123
cartservice_cpu,shippingservice_mem,0.04105922641,0.04105922641
cartservice_latency-90,productcatalogservice_cpu,-0.04104671874,0.04104671874
currencyservice_cpu,redis_mem,0.04094983829,0.04094983829
emailservice_workload,shippingservice_cpu,0.04089892055,0.04089892055
checkoutservice_workload,redis_cpu,0.04078163151,0.04078163151
currencyservice_latency-50,shippingservice_workload,-0.04046754658,0.04046754658
currencyservice_workload,paymentservice_mem,-0.04021569831,0.04021569831
currencyservice_latency-90,shippingservice_latency-90,0.0399613109,0.0399613109
emailservice_workload,redis_cpu,0.03974797258,0.03974797258
adservice_mem,currencyservice_workload,-0.03956212497,0.03956212497
frontend-external_workload,paymentservice_mem,-0.03920748702,0.03920748702
emailservice_cpu,redis_mem,-0.03913420507,0.03913420507
emailservice_latency-90,shippingservice_latency-50,0.03893298422,0.03893298422
cartservice_workload,shippingservice_latency-50,0.03858726955,0.03858726955
recommendationservice_workload,shippingservice_latency-50,0.03847348076,0.03847348076
cartservice_workload,paymentservice_mem,-0.03835419132,0.03835419132
cartservice_mem,emailservice_cpu,0.0378362205,0.0378362205
currencyservice_mem,currencyservice_workload,-0.03770371705,0.03770371705
paymentservice_mem,recommendationservice_workload,-0.0375905721,0.0375905721
currencyservice_mem,emailservice_latency-50,-0.03757024769,0.03757024769
redis_cpu,shippingservice_mem,0.03748604703,0.03748604703
cartservice_latency-90,frontend_mem,-0.03733157687,0.03733157687
adservice_workload,recommendationservice_mem,-0.03721172129,0.03721172129
frontend_workload,paymentservice_mem,-0.03709943797,0.03709943797
paymentservice_latency-90,recommendationservice_cpu,0.03707058287,0.03707058287
currencyservice_workload,shippingservice_latency-90,0.03686470286,0.03686470286
emailservice_mem,main_cpu,0.03661679176,0.03661679176
productcatalogservice_workload,shippingservice_mem,-0.03654268803,0.03654268803
adservice_workload,shippingservice_latency-90,0.03652329345,0.03652329345
checkoutservice_workload,main_mem,-0.03638254238,0.03638254238
cartservice_latency-50,checkoutservice_workload,0.03620254074,0.03620254074
currencyservice_mem,recommendationservice_cpu,-0.03616602403,0.03616602403
adservice_latency-90,paymentservice_workload,0.03577779731,0.03577779731
main_cpu,redis_mem,0.03572050117,0.03572050117
cartservice_cpu,currencyservice_latency-90,-0.03561129373,0.03561129373
paymentservice_workload,recommendationservice_cpu,0.03542182812,0.03542182812
adservice_workload,currencyservice_mem,-0.03534285955,0.03534285955
adservice_workload,paymentservice_mem,-0.03531785299,0.03531785299
currencyservice_latency-50,shippingservice_cpu,-0.03514428604,0.03514428604
paymentservice_cpu,shippingservice_mem,0.0350667976,0.0350667976
frontend-external_workload,recommendationservice_mem,-0.03491598395,0.03491598395
frontend_latency-90,productcatalogservice_mem,-0.03489888374,0.03489888374
frontend_workload,recommendationservice_mem,-0.03485799383,0.03485799383
cartservice_latency-90,currencyservice_mem,-0.03483512864,0.03483512864
paymentservice_latency-90,shippingservice_latency-90,-0.03482958374,0.03482958374
cartservice_latency-50,emailservice_latency-90,0.03476130416,0.03476130416
emailservice_workload,main_mem,-0.03445087847,0.03445087847
cartservice_latency-50,emailservice_workload,0.03440075373,0.03440075373
recommendationservice_mem,recommendationservice_workload,-0.03420436117,0.03420436117
frontend-external_workload,shippingservice_latency-90,0.03403810559,0.03403810559
checkoutservice_latency-50,productcatalogservice_mem,-0.0339316898,0.0339316898
checkoutservice_latency-90,productcatalogservice_mem,-0.03384639845,0.03384639845
paymentservice_mem,shippingservice_workload,-0.03383637788,0.03383637788
shippingservice_latency-50,shippingservice_workload,0.03381799315,0.03381799315
frontend_workload,shippingservice_latency-50,0.03377223401,0.03377223401
cartservice_mem,cartservice_workload,0.03338912045,0.03338912045
cartservice_workload,recommendationservice_mem,-0.03331424557,0.03331424557
emailservice_latency-90,redis_cpu,0.03326713835,0.03326713835
currencyservice_mem,frontend-external_workload,-0.03319223459,0.03319223459
currencyservice_cpu,shippingservice_mem,0.03303443375,0.03303443375
adservice_latency-50,paymentservice_workload,0.03280040015,0.03280040015
currencyservice_workload,shippingservice_mem,-0.03268221833,0.03268221833
productcatalogservice_mem,shippingservice_latency-50,-0.03265551008,0.03265551008
currencyservice_latency-50,paymentservice_latency-50,-0.03264671599,0.03264671599
checkoutservice_latency-90,paymentservice_latency-90,0.03258672942,0.03258672942
productcatalogservice_latency-90,productcatalogservice_mem,-0.03244443902,0.03244443902
currencyservice_latency-50,emailservice_latency-90,-0.03234568943,0.03234568943
cartservice_mem,currencyservice_workload,0.0321964161,0.0321964161
cartservice_workload,shippingservice_latency-90,0.03207874272,0.03207874272
frontend_latency-50,productcatalogservice_mem,-0.03193094473,0.03193094473
productcatalogservice_mem,recommendationservice_latency-50,-0.03163535517,0.03163535517
emailservice_latency-50,paymentservice_mem,-0.03154418847,0.03154418847
adservice_latency-50,emailservice_latency-90,0.03149649875,0.03149649875
currencyservice_mem,productcatalogservice_workload,-0.03147897256,0.03147897256
emailservice_latency-50,paymentservice_latency-90,0.03138590084,0.03138590084
adservice_latency-90,adservice_mem,0.03127449698,0.03127449698
currencyservice_latency-50,redis_mem,-0.03126952845,0.03126952845
currencyservice_cpu,currencyservice_latency-50,-0.03115457419,0.03115457419
main_mem,paymentservice_workload,-0.03105376715,0.03105376715
adservice_mem,frontend_workload,-0.03093636474,0.03093636474
shippingservice_latency-90,shippingservice_workload,0.03070124021,0.03070124021
currencyservice_mem,frontend_workload,-0.03068740366,0.03068740366
productcatalogservice_mem,recommendationservice_latency-90,-0.03055173186,0.03055173186
emailservice_latency-50,shippingservice_mem,0.03054271768,0.03054271768
cartservice_latency-90,checkoutservice_latency-90,0.03047539382,0.03047539382
adservice_latency-90,emailservice_latency-90,0.03027385095,0.03027385095
currencyservice_mem,recommendationservice_workload,-0.03027135016,0.03027135016
currencyservice_cpu,currencyservice_latency-90,0.02980343815,0.02980343815
checkoutservice_mem,checkoutservice_workload,-0.02975611858,0.02975611858
productcatalogservice_latency-50,productcatalogservice_mem,-0.02963084328,0.02963084328
checkoutservice_workload,recommendationservice_cpu,0.02957371902,0.02957371902
emailservice_latency-90,shippingservice_latency-90,0.02949287909,0.02949287909
adservice_latency-90,checkoutservice_workload,0.02934282558,0.02934282558
cartservice_mem,recommendationservice_workload,0.02930834534,0.02930834534
checkoutservice_cpu,emailservice_mem,0.02911503794,0.02911503794
frontend_workload,shippingservice_latency-90,0.02908965404,0.02908965404
checkoutservice_latency-90,currencyservice_latency-90,0.02897540029,0.02897540029
emailservice_workload,recommendationservice_cpu,0.02874787787,0.02874787787
paymentservice_latency-50,paymentservice_workload,0.02870984782,0.02870984782
cartservice_mem,frontend-external_workload,0.02865696016,0.02865696016
recommendationservice_workload,shippingservice_latency-90,0.02861785103,0.02861785103
currencyservice_mem,shippingservice_cpu,0.02860157788,0.02860157788
adservice_workload,cartservice_mem,0.02859692555,0.02859692555
adservice_latency-50,checkoutservice_workload,0.02859428765,0.02859428765
cartservice_workload,currencyservice_mem,-0.02832401695,0.02832401695
checkoutservice_workload,paymentservice_cpu,0.02819338358,0.02819338358
checkoutservice_mem,emailservice_workload,-0.02802560826,0.02802560826
emailservice_cpu,main_mem,-0.02801108134,0.02801108134
adservice_latency-90,shippingservice_mem,0.02785899002,0.02785899002
adservice_mem,adservice_workload,-0.02773004754,0.02773004754
adservice_mem,recommendationservice_workload,-0.02771509623,0.02771509623
checkoutservice_cpu,paymentservice_workload,0.02744990285,0.02744990285
adservice_latency-90,emailservice_workload,0.02736466367,0.02736466367
checkoutservice_workload,frontend_mem,-0.0272844034,0.0272844034
cartservice_latency-50,paymentservice_latency-90,0.02720685776,0.02720685776
cartservice_latency-90,frontend_latency-50,-0.02697659744,0.02697659744
adservice_latency-90,paymentservice_latency-90,0.02653089978,0.02653089978
adservice_latency-50,emailservice_workload,0.0265306603,0.0265306603
cartservice_latency-90,productcatalogservice_latency-90,-0.02639846267,0.02639846267
adservice_mem,frontend-external_workload,-0.02630043252,0.02630043252
paymentservice_cpu,paymentservice_workload,0.02605282431,0.02605282431
shippingservice_cpu,shippingservice_mem,0.02599058961,0.02599058961
checkoutservice_cpu,currencyservice_mem,-0.0258906715,0.0258906715
emailservice_latency-50,paymentservice_workload,0.02585821193,0.02585821193
cartservice_mem,frontend_workload,0.02580442392,0.02580442392
paymentservice_latency-90,recommendationservice_mem,0.02559384892,0.02559384892
emailservice_workload,paymentservice_cpu,0.02548470892,0.02548470892
currencyservice_latency-90,paymentservice_mem,-0.02546699102,0.02546699102
emailservice_cpu,paymentservice_mem,0.02544750434,0.02544750434
adservice_cpu,frontend_mem,0.02521215384,0.02521215384
adservice_mem,cartservice_workload,-0.02516892248,0.02516892248
frontend_mem,paymentservice_workload,-0.02510683005,0.02510683005
adservice_cpu,paymentservice_workload,0.02509701777,0.02509701777
recommendationservice_cpu,redis_mem,0.02495746474,0.02495746474
emailservice_cpu,emailservice_mem,-0.02491233423,0.02491233423
cartservice_latency-90,recommendationservice_latency-50,-0.0245662365,0.0245662365
checkoutservice_workload,paymentservice_latency-50,0.02453132688,0.02453132688
cartservice_latency-90,checkoutservice_latency-50,-0.02446279763,0.02446279763
adservice_workload,shippingservice_mem,-0.024419317,0.024419317
adservice_cpu,checkoutservice_workload,0.02440012556,0.02440012556
emailservice_cpu,emailservice_latency-90,0.02413237526,0.02413237526
cartservice_latency-90,emailservice_cpu,0.02404253018,0.02404253018
checkoutservice_cpu,checkoutservice_workload,0.0239244594,0.0239244594
cartservice_latency-50,redis_mem,0.02384402994,0.02384402994
checkoutservice_mem,paymentservice_workload,-0.02376796325,0.02376796325
cartservice_cpu,cartservice_latency-90,-0.02368047027,0.02368047027
emailservice_workload,frontend_mem,-0.02351621542,0.02351621542
currencyservice_latency-90,frontend_latency-90,0.02308893601,0.02308893601
cartservice_mem,paymentservice_latency-90,0.02299364731,0.02299364731
frontend-external_workload,shippingservice_mem,-0.02295768353,0.02295768353
checkoutservice_cpu,emailservice_workload,0.0229464379,0.0229464379
recommendationservice_mem,shippingservice_workload,-0.02268738553,0.02268738553
currencyservice_mem,paymentservice_latency-50,0.02253482974,0.02253482974
emailservice_latency-90,recommendationservice_cpu,-0.02234889431,0.02234889431
frontend_workload,shippingservice_mem,-0.0222561518,0.0222561518
paymentservice_latency-50,productcatalogservice_mem,-0.02205801093,0.02205801093
productcatalogservice_cpu,redis_mem,-0.02205636054,0.02205636054
adservice_mem,redis_cpu,-0.02188271575,0.02188271575
currencyservice_latency-90,frontend_mem,0.0218504891,0.0218504891
checkoutservice_workload,emailservice_latency-50,0.02181770027,0.02181770027
redis_cpu,redis_mem,-0.02170629199,0.02170629199
checkoutservice_latency-50,redis_mem,-0.02165391046,0.02165391046
currencyservice_latency-90,main_mem,-0.02137562286,0.02137562286
currencyservice_mem,shippingservice_latency-50,-0.02134440377,0.02134440377
emailservice_workload,paymentservice_latency-50,0.02131528126,0.02131528126
recommendationservice_workload,shippingservice_mem,-0.02129937339,0.02129937339
cartservice_latency-50,shippingservice_mem,-0.02115762364,0.02115762364
emailservice_cpu,recommendationservice_cpu,0.02109701969,0.02109701969
emailservice_mem,frontend_latency-90,-0.02093460078,0.02093460078
frontend_latency-90,redis_mem,-0.02089616205,0.02089616205
cartservice_workload,shippingservice_mem,-0.02088527674,0.02088527674
cartservice_latency-90,shippingservice_cpu,-0.02077251589,0.02077251589
recommendationservice_cpu,shippingservice_latency-50,0.02064004667,0.02064004667
cartservice_mem,shippingservice_workload,0.02034725031,0.02034725031
adservice_cpu,emailservice_workload,0.02021314964,0.02021314964
redis_mem,shippingservice_latency-50,0.01993347594,0.01993347594
paymentservice_latency-90,redis_cpu,0.01990168893,0.01990168893
currencyservice_mem,shippingservice_workload,-0.01974491006,0.01974491006
checkoutservice_cpu,redis_mem,0.01960421348,0.01960421348
currencyservice_cpu,main_mem,-0.01954309863,0.01954309863
currencyservice_latency-90,currencyservice_mem,-0.01953696291,0.01953696291
checkoutservice_latency-90,redis_mem,-0.01949483758,0.01949483758
emailservice_latency-50,emailservice_workload,0.019471006,0.019471006
checkoutservice_mem,shippingservice_latency-90,-0.01938155329,0.01938155329
cartservice_latency-90,productcatalogservice_mem,-0.01890116697,0.01890116697
checkoutservice_latency-90,emailservice_mem,-0.01855530756,0.01855530756
adservice_mem,shippingservice_workload,-0.01843459907,0.01843459907
productcatalogservice_latency-90,redis_mem,-0.01840542686,0.01840542686
cartservice_latency-90,recommendationservice_cpu,-0.01839222386,0.01839222386
checkoutservice_latency-50,emailservice_mem,-0.01839036302,0.01839036302
currencyservice_workload,emailservice_latency-90,0.0183710816,0.0183710816
frontend_latency-50,redis_mem,-0.018338401,0.018338401
emailservice_mem,recommendationservice_latency-90,-0.01810104776,0.01810104776
recommendationservice_latency-50,redis_mem,-0.01805562528,0.01805562528
emailservice_mem,frontend_latency-50,-0.01770319217,0.01770319217
emailservice_mem,recommendationservice_latency-50,-0.01767737413,0.01767737413
adservice_mem,checkoutservice_cpu,-0.01763764624,0.01763764624
currencyservice_mem,productcatalogservice_latency-50,0.01761685286,0.01761685286
emailservice_latency-90,main_mem,0.01753725227,0.01753725227
emailservice_mem,productcatalogservice_latency-90,-0.01751098757,0.01751098757
recommendationservice_latency-90,redis_mem,-0.017483066,0.017483066
productcatalogservice_latency-50,redis_mem,-0.01703543617,0.01703543617
adservice_cpu,paymentservice_latency-90,0.01696826778,0.01696826778
frontend_latency-90,paymentservice_latency-90,-0.01681107654,0.01681107654
paymentservice_latency-90,recommendationservice_latency-90,-0.01679932758,0.01679932758
paymentservice_latency-90,productcatalogservice_latency-90,-0.01679278346,0.01679278346
checkoutservice_latency-50,paymentservice_latency-90,-0.01668908447,0.01668908447
paymentservice_latency-90,recommendationservice_latency-50,-0.01664608264,0.01664608264
cartservice_mem,currencyservice_cpu,-0.01663307173,0.01663307173
paymentservice_latency-90,productcatalogservice_workload,0.01663094758,0.01663094758
frontend_latency-50,paymentservice_latency-90,-0.0165900828,0.0165900828
cartservice_latency-90,currencyservice_cpu,-0.01632182405,0.01632182405
emailservice_latency-50,redis_mem,0.01630621314,0.01630621314
frontend_mem,paymentservice_latency-50,-0.01616866467,0.01616866467
paymentservice_latency-50,shippingservice_latency-90,-0.01611625765,0.01611625765
emailservice_latency-90,recommendationservice_latency-50,-0.01609886084,0.01609886084
emailservice_latency-90,frontend_latency-50,-0.01608006047,0.01608006047
emailservice_latency-90,productcatalogservice_latency-90,-0.01596817137,0.01596817137
currencyservice_latency-90,emailservice_cpu,-0.01566923681,0.01566923681
emailservice_latency-90,recommendationservice_latency-90,-0.01563636895,0.01563636895
currencyservice_latency-90,productcatalogservice_cpu,-0.01560987355,0.01560987355
emailservice_mem,recommendationservice_cpu,0.0154952774,0.0154952774
emailservice_latency-90,main_cpu,0.01527387739,0.01527387739
cartservice_latency-90,emailservice_latency-50,0.01516903887,0.01516903887
checkoutservice_cpu,shippingservice_mem,-0.01515645193,0.01515645193
currencyservice_latency-90,currencyservice_workload,0.01515323555,0.01515323555
emailservice_mem,productcatalogservice_latency-50,-0.0148751132,0.0148751132
frontend_workload,paymentservice_latency-90,0.01485906407,0.01485906407
currencyservice_latency-90,main_cpu,-0.01485231741,0.01485231741
paymentservice_latency-90,shippingservice_latency-50,-0.01484867443,0.01484867443
emailservice_latency-90,productcatalogservice_cpu,0.01477763285,0.01477763285
adservice_cpu,cartservice_latency-90,-0.01468514401,0.01468514401
paymentservice_latency-90,productcatalogservice_latency-50,-0.01467150345,0.01467150345
paymentservice_workload,shippingservice_latency-50,0.01466878741,0.01466878741
cartservice_latency-90,productcatalogservice_latency-50,-0.01444551339,0.01444551339
emailservice_latency-90,frontend_mem,-0.01439165821,0.01439165821
cartservice_latency-90,shippingservice_mem,-0.01420470266,0.01420470266
currencyservice_workload,emailservice_mem,-0.01416080632,0.01416080632
emailservice_latency-90,frontend_latency-90,-0.01395643912,0.01395643912
emailservice_latency-90,productcatalogservice_latency-50,-0.01380653333,0.01380653333
paymentservice_latency-90,recommendationservice_workload,0.01363025315,0.01363025315
checkoutservice_latency-50,emailservice_latency-90,-0.01361823228,0.01361823228
emailservice_mem,productcatalogservice_cpu,-0.01360918885,0.01360918885
cartservice_latency-90,redis_mem,-0.01360526589,0.01360526589
currencyservice_latency-90,redis_cpu,-0.01356421175,0.01356421175
checkoutservice_workload,currencyservice_latency-50,-0.01352488417,0.01352488417
cartservice_latency-90,paymentservice_cpu,-0.01327880482,0.01327880482
frontend_cpu,redis_mem,-0.01314212989,0.01314212989
cartservice_mem,checkoutservice_mem,-0.01286444592,0.01286444592
cartservice_latency-90,redis_cpu,-0.01260360892,0.01260360892
shippingservice_mem,shippingservice_workload,-0.01252441498,0.01252441498
currencyservice_latency-90,recommendationservice_latency-50,-0.01245205329,0.01245205329
currencyservice_latency-90,productcatalogservice_latency-90,-0.01232698433,0.01232698433
main_mem,paymentservice_latency-90,-0.01230621865,0.01230621865
cartservice_latency-90,emailservice_mem,-0.01219136603,0.01219136603
paymentservice_workload,shippingservice_latency-90,0.01202364217,0.01202364217
currencyservice_latency-90,frontend_latency-50,-0.01200619646,0.01200619646
paymentservice_cpu,shippingservice_latency-90,0.01185521252,0.01185521252
cartservice_mem,redis_cpu,-0.01180460057,0.01180460057
cartservice_latency-90,paymentservice_mem,-0.01165199932,0.01165199932
paymentservice_mem,paymentservice_workload,-0.01161356601,0.01161356601
currencyservice_latency-90,emailservice_latency-50,-0.01160421154,0.01160421154
adservice_cpu,currencyservice_latency-50,-0.01158743158,0.01158743158
currencyservice_workload,paymentservice_latency-90,0.01143737976,0.01143737976
emailservice_latency-90,shippingservice_cpu,0.01128839218,0.01128839218
checkoutservice_cpu,productcatalogservice_mem,-0.01128772266,0.01128772266
cartservice_mem,shippingservice_latency-50,-0.011259227,0.011259227
checkoutservice_latency-50,currencyservice_latency-90,-0.0112529967,0.0112529967
currencyservice_latency-90,productcatalogservice_mem,-0.01123758897,0.01123758897
paymentservice_latency-90,productcatalogservice_cpu,0.01106021422,0.01106021422
currencyservice_latency-90,paymentservice_workload,0.01105205983,0.01105205983
currencyservice_latency-50,paymentservice_cpu,-0.0110437979,0.0110437979
adservice_latency-90,currencyservice_mem,0.01086854711,0.01086854711
checkoutservice_workload,paymentservice_mem,-0.01084531999,0.01084531999
frontend-external_workload,paymentservice_latency-90,0.01070718417,0.01070718417
checkoutservice_workload,currencyservice_latency-90,0.01069215761,0.01069215761
emailservice_workload,shippingservice_latency-50,0.01065395652,0.01065395652
paymentservice_latency-90,paymentservice_mem,-0.01050479005,0.01050479005
adservice_mem,cartservice_latency-90,-0.01043182262,0.01043182262
checkoutservice_workload,currencyservice_mem,-0.01032809441,0.01032809441
adservice_cpu,currencyservice_latency-90,-0.01032759438,0.01032759438
currencyservice_workload,redis_mem,-0.01026175502,0.01026175502
currencyservice_latency-90,frontend-external_workload,0.01014039688,0.01014039688
adservice_mem,currencyservice_latency-90,-0.01013070138,0.01013070138
checkoutservice_latency-90,emailservice_latency-90,-0.009986136926,0.009986136926
emailservice_latency-90,frontend_cpu,0.009983579478,0.009983579478
currencyservice_latency-90,productcatalogservice_latency-50,-0.009950380068,0.009950380068
adservice_latency-50,currencyservice_latency-90,0.009769401241,0.009769401241
cartservice_latency-90,productcatalogservice_workload,0.009723945938,0.009723945938
cartservice_workload,paymentservice_latency-90,0.00953363024,0.00953363024
cartservice_latency-90,frontend_latency-90,0.009521211266,0.009521211266
currencyservice_latency-90,productcatalogservice_workload,0.009277666459,0.009277666459
checkoutservice_workload,shippingservice_latency-50,0.009239346758,0.009239346758
currencyservice_latency-50,paymentservice_workload,-0.009213281635,0.009213281635
currencyservice_mem,emailservice_workload,-0.009194569674,0.009194569674
currencyservice_latency-90,frontend_workload,0.009150770734,0.009150770734
cartservice_mem,checkoutservice_workload,0.009129033939,0.009129033939
adservice_latency-90,currencyservice_latency-90,0.008997660864,0.008997660864
emailservice_mem,paymentservice_latency-90,-0.008982224122,0.008982224122
main_cpu,paymentservice_latency-90,0.008934790885,0.008934790885
cartservice_mem,paymentservice_workload,0.00892712511,0.00892712511
currencyservice_latency-50,main_mem,0.008828852082,0.008828852082
adservice_workload,paymentservice_latency-90,0.008674458837,0.008674458837
currencyservice_latency-50,emailservice_workload,-0.008631703998,0.008631703998
emailservice_latency-90,paymentservice_mem,0.008486743211,0.008486743211
adservice_mem,checkoutservice_workload,-0.008453199379,0.008453199379
cartservice_cpu,productcatalogservice_mem,0.008390496238,0.008390496238
adservice_mem,shippingservice_latency-50,0.00831108337,0.00831108337
currencyservice_latency-90,recommendationservice_cpu,0.00830047289,0.00830047289
currencyservice_cpu,emailservice_latency-90,0.008186065272,0.008186065272
currencyservice_latency-90,shippingservice_workload,0.008172355886,0.008172355886
emailservice_latency-90,paymentservice_latency-50,0.008106215003,0.008106215003
currencyservice_latency-90,recommendationservice_mem,-0.00809848117,0.00809848117
checkoutservice_workload,emailservice_latency-90,-0.008080453871,0.008080453871
cartservice_workload,currencyservice_latency-90,0.008052985181,0.008052985181
adservice_mem,emailservice_workload,-0.007950105804,0.007950105804
currencyservice_latency-50,paymentservice_latency-90,0.007885961762,0.007885961762
cartservice_latency-90,checkoutservice_cpu,-0.007727164589,0.007727164589
currencyservice_latency-90,recommendationservice_workload,0.007708936757,0.007708936757
cartservice_latency-90,recommendationservice_mem,-0.007672922804,0.007672922804
productcatalogservice_mem,productcatalogservice_workload,0.007641675037,0.007641675037
checkoutservice_workload,shippingservice_latency-90,0.007503755873,0.007503755873
currencyservice_mem,paymentservice_workload,-0.007375465686,0.007375465686
emailservice_workload,paymentservice_mem,-0.007296693231,0.007296693231
adservice_latency-50,paymentservice_latency-90,0.007199489456,0.007199489456
adservice_workload,emailservice_mem,-0.007180072888,0.007180072888
checkoutservice_workload,recommendationservice_mem,-0.007172120817,0.007172120817
currencyservice_cpu,currencyservice_mem,-0.007095042366,0.007095042366
adservice_mem,currencyservice_latency-50,0.007083332245,0.007083332245
paymentservice_workload,productcatalogservice_mem,0.007048556583,0.007048556583
currencyservice_latency-90,emailservice_workload,0.006993196904,0.006993196904
emailservice_workload,paymentservice_latency-90,0.006908193573,0.006908193573
emailservice_workload,shippingservice_latency-90,0.006711651135,0.006711651135
adservice_mem,paymentservice_workload,-0.006606688215,0.006606688215
main_mem,shippingservice_latency-50,0.006604801183,0.006604801183
currencyservice_latency-90,paymentservice_cpu,-0.006587003898,0.006587003898
currencyservice_latency-90,recommendationservice_latency-90,-0.00657295902,0.00657295902
checkoutservice_mem,paymentservice_latency-90,-0.006380140977,0.006380140977
currencyservice_workload,productcatalogservice_mem,-0.006373630291,0.006373630291
emailservice_mem,frontend_workload,-0.00637053568,0.00637053568
cartservice_latency-90,currencyservice_latency-90,0.006262876329,0.006262876329
adservice_workload,redis_mem,-0.006219710763,0.006219710763
paymentservice_latency-90,shippingservice_workload,0.006166168425,0.006166168425
frontend-external_workload,redis_mem,-0.006035547544,0.006035547544
cartservice_mem,emailservice_workload,0.006015450195,0.006015450195
paymentservice_latency-90,paymentservice_workload,0.005915179972,0.005915179972
paymentservice_latency-90,shippingservice_mem,0.005894007279,0.005894007279
currencyservice_latency-90,shippingservice_mem,-0.005844122807,0.005844122807
cartservice_mem,currencyservice_latency-50,-0.005570257763,0.005570257763
adservice_workload,currencyservice_latency-90,0.00556141448,0.00556141448
cartservice_mem,currencyservice_latency-90,-0.005545405864,0.005545405864
cartservice_latency-90,recommendationservice_latency-90,0.005535558805,0.005535558805
main_cpu,recommendationservice_mem,0.005461130303,0.005461130303
paymentservice_latency-90,shippingservice_cpu,-0.005424547226,0.005424547226
cartservice_latency-90,emailservice_workload,-0.005391536178,0.005391536178
emailservice_mem,frontend-external_workload,-0.005368372003,0.005368372003
checkoutservice_mem,emailservice_latency-90,-0.005201030974,0.005201030974
currencyservice_latency-90,shippingservice_cpu,-0.005098059198,0.005098059198
currencyservice_mem,paymentservice_latency-90,-0.004951692149,0.004951692149
frontend_cpu,paymentservice_latency-90,0.004841854599,0.004841854599
currencyservice_latency-90,emailservice_mem,-0.004603392386,0.004603392386
emailservice_latency-90,frontend_workload,0.004523662629,0.004523662629
emailservice_latency-90,frontend-external_workload,0.004512545324,0.004512545324
cartservice_cpu,emailservice_latency-90,0.004467207461,0.004467207461
paymentservice_workload,recommendationservice_mem,-0.00446273311,0.00446273311
emailservice_latency-90,emailservice_workload,-0.004426549061,0.004426549061
checkoutservice_workload,shippingservice_mem,-0.004421878076,0.004421878076
frontend_workload,redis_mem,-0.004354396319,0.004354396319
checkoutservice_mem,currencyservice_latency-90,-0.004267873188,0.004267873188
paymentservice_latency-90,productcatalogservice_mem,-0.004256703671,0.004256703671
checkoutservice_workload,paymentservice_latency-90,0.004174241442,0.004174241442
emailservice_latency-90,redis_mem,-0.004149386598,0.004149386598
emailservice_latency-90,productcatalogservice_mem,-0.00413081295,0.00413081295
cartservice_latency-90,cartservice_mem,0.004062900827,0.004062900827
emailservice_workload,recommendationservice_mem,-0.004062442539,0.004062442539
frontend_workload,productcatalogservice_mem,-0.004049143083,0.004049143083
adservice_workload,emailservice_latency-90,0.003889818711,0.003889818711
currencyservice_mem,emailservice_latency-90,-0.003738025617,0.003738025617
main_cpu,recommendationservice_cpu,-0.003674149606,0.003674149606
emailservice_workload,redis_mem,0.0036456236,0.0036456236
frontend_cpu,productcatalogservice_mem,-0.003638957277,0.003638957277
adservice_workload,productcatalogservice_mem,-0.003472209451,0.003472209451
emailservice_mem,emailservice_workload,0.003414690017,0.003414690017
cartservice_latency-90,checkoutservice_mem,-0.003301585632,0.003301585632
cartservice_workload,emailservice_latency-90,0.003255024293,0.003255024293
productcatalogservice_mem,shippingservice_workload,0.003145802994,0.003145802994
emailservice_mem,paymentservice_workload,0.003144881941,0.003144881941
paymentservice_workload,shippingservice_mem,-0.003127258138,0.003127258138
emailservice_workload,productcatalogservice_mem,0.003099304704,0.003099304704
checkoutservice_cpu,recommendationservice_mem,0.003059970671,0.003059970671
checkoutservice_cpu,paymentservice_latency-90,-0.003051578829,0.003051578829
emailservice_mem,recommendationservice_workload,-0.003010078386,0.003010078386
redis_mem,shippingservice_workload,-0.003003576174,0.003003576174
emailservice_latency-90,recommendationservice_workload,-0.003000220601,0.003000220601
cartservice_latency-90,currencyservice_workload,0.002849195321,0.002849195321
recommendationservice_mem,redis_cpu,0.002800263641,0.002800263641
currencyservice_mem,main_cpu,-0.002693618293,0.002693618293
cartservice_latency-50,currencyservice_latency-90,-0.00269074765,0.00269074765
cartservice_latency-90,frontend_workload,0.002667918833,0.002667918833
recommendationservice_workload,redis_mem,-0.002470022655,0.002470022655
emailservice_cpu,paymentservice_latency-90,-0.002465899311,0.002465899311
frontend_mem,paymentservice_latency-90,-0.002445572004,0.002445572004
checkoutservice_workload,emailservice_mem,0.002382135025,0.002382135025
adservice_mem,emailservice_latency-50,-0.002340916644,0.002340916644
cartservice_latency-90,checkoutservice_workload,-0.002320264414,0.002320264414
cartservice_latency-90,shippingservice_workload,0.00223900175,0.00223900175
paymentservice_latency-90,redis_mem,-0.002208870252,0.002208870252
emailservice_mem,redis_cpu,-0.00217471505,0.00217471505
adservice_cpu,emailservice_latency-90,-0.002135131794,0.002135131794
emailservice_mem,frontend_cpu,0.002071082637,0.002071082637
emailservice_latency-90,shippingservice_mem,0.002048104634,0.002048104634
shippingservice_latency-50,shippingservice_mem,-0.002025052287,0.002025052287
emailservice_latency-90,paymentservice_workload,-0.001916303578,0.001916303578
cartservice_latency-90,emailservice_latency-90,0.001870403073,0.001870403073
emailservice_cpu,shippingservice_mem,-0.001858324983,0.001858324983
cartservice_mem,emailservice_latency-90,-0.001813059395,0.001813059395
emailservice_latency-90,paymentservice_cpu,-0.001801125258,0.001801125258
cartservice_latency-90,cartservice_workload,0.001795406637,0.001795406637
adservice_mem,emailservice_latency-90,0.001757032371,0.001757032371
cartservice_latency-90,recommendationservice_workload,0.001727985662,0.001727985662
checkoutservice_cpu,currencyservice_latency-90,-0.001503089922,0.001503089922
checkoutservice_workload,productcatalogservice_mem,0.001439421698,0.001439421698
currencyservice_cpu,paymentservice_latency-90,-0.001380774265,0.001380774265
cartservice_workload,productcatalogservice_mem,0.001370364245,0.001370364245
emailservice_latency-90,productcatalogservice_workload,0.001339853596,0.001339853596
productcatalogservice_mem,recommendationservice_workload,-0.001329117797,0.001329117797
adservice_mem,paymentservice_latency-90,-0.00128990541,0.00128990541
cartservice_latency-90,paymentservice_latency-90,0.00127828402,0.00127828402
currencyservice_latency-90,paymentservice_latency-90,-0.001264146722,0.001264146722
cartservice_mem,main_cpu,-0.001226695696,0.001226695696
emailservice_latency-90,recommendationservice_mem,0.001216887239,0.001216887239
emailservice_workload,shippingservice_mem,-0.001153967988,0.001153967988
emailservice_latency-90,paymentservice_latency-90,0.001101970387,0.001101970387
currencyservice_latency-90,paymentservice_latency-50,-0.0009789819097,0.0009789819097
checkoutservice_workload,redis_mem,0.0009766597734,0.0009766597734
cartservice_workload,emailservice_mem,-0.0009552114841,0.0009552114841
cartservice_latency-90,main_mem,0.0009531302417,0.0009531302417
cartservice_latency-90,main_cpu,0.0008869659118,0.0008869659118
frontend-external_workload,productcatalogservice_mem,-0.0008755291088,0.0008755291088
emailservice_mem,productcatalogservice_workload,-0.0007900788112,0.0007900788112
checkoutservice_cpu,emailservice_latency-90,0.0007837877126,0.0007837877126
currencyservice_latency-90,frontend_cpu,-0.000778183841,0.000778183841
productcatalogservice_workload,redis_mem,-0.0007543489558,0.0007543489558
emailservice_mem,shippingservice_workload,0.0007323883391,0.0007323883391
cartservice_latency-90,paymentservice_latency-50,-0.0007201123669,0.0007201123669
cartservice_workload,redis_mem,-0.0007194671561,0.0007194671561
cartservice_latency-90,paymentservice_workload,-0.0005848932525,0.0005848932525
emailservice_latency-90,shippingservice_workload,-0.0005624574793,0.0005624574793
currencyservice_latency-90,redis_mem,0.0003658618827,0.0003658618827
emailservice_latency-90,emailservice_mem,0.0002491865367,0.0002491865367
paymentservice_workload,redis_mem,0.000191943956,0.000191943956
adservice_workload,cartservice_latency-90,0.0001847846088,0.0001847846088
currencyservice_latency-90,emailservice_latency-90,-0.0001719640364,0.0001719640364
cartservice_latency-90,frontend-external_workload,-6.6691374e-06,6.6691374e-06
